author	title	genre	acts	prose_vers	prologue	musique_danse_machine	date_de_creation
""	""	""		""	f	f	
""	""	""					
""	Crispin brulé	""					
""	Gaston et Bayard	""					
""	La Comtesse d'Escarbagnas	""					
""	Le Cercle ou la Soirée à la mode	""		""	f	f	1764-09-17
""	Legre	""					
""	famlle	""					
""	nouvea#	""					
Abbé Claude-Henri de Fusée de Voisenon	Zélémide	""					
Abbé Claude-Henri de Fusée de Voisenon 	Zélémide 	""					
Abbé François Le Métel de Boisrobert	Les Rivaux amis	tragi comédie					
Abeille (Gaspard, abbé)	Aristobule	tragédie	5	vers	f	f	1685-11-30
Abeille (Gaspard, abbé)	Coriolan	tragédie	5	vers	f	f	
Aigueberre (Jean Dumas d')	Avare amoureux (L')	comédie	1	prose	f	f	
Aigueberre (Jean Dumas d')	Prince de Noisy (Le)	comédie héroïque	3	prose	t	t	1730-11-04
Aigueberre (Jean Dumas d')	Trois spectacles (Les) ou Polixène, tragédie, L'Avare amoureux, comédie et Pan et Doris, pastorale héroïque	tragédie-comédie-pastorale héroïque	3	prose / vers	t	t	1729-07-06
Allainval (Léonor-Jean-Christine Soulas d')	Fausse comtesse (La)	comédie	1	prose	f	t	1726-07-27
Allainval (Léonor-Jean-Christine Soulas d')	Mari curieux (Le)	comédie	1	prose	f	t	1731-07-17
Allainval (Léonor-Jean-Christine Soulas d')	École des bourgeois (L')	comédie	3	prose	t	f	1728-09-20
Alliot	Muet par amour (Le)	comédie	1	vers	f	t	1751-10-20
André Pépin Bellement 	La Reprise de Toulon ou Les Patriotes provinciaux	""					
André-Murville (Pierre-Nicolas)	Lanval et Viviane ou les Fées et les chevaliers	comédie héori-féérie	5	vers	f	f	1788-09-13
André-Murville (Pierre-Nicolas)	Melcour et Verseuil	comédie	1	vers	f	f	1785-08-08
André-Murville (Pierre-Nicolas)	Rendez-vous du mari ou le Mari à la mode (Le)	comédie	1	vers	f	f	1781-12-01
André-Murville (Pierre-Nicolas)	Souper magique ou les Deux siècles (Le)	comédie épisodique	1	vers	f	t	1790-02-11
Anonyme	Badaud (Le)	comédie	1	prose	f	f	1687-05-10
Anonyme	Bassette (La)	comédie	5	vers	f	f	
Anonyme	Bourget (Le)	comédie	1	prose	f	t	1697-05-23
Anonyme	Brutal de sang froid / sens froid  (Le)	comédie	1	prose	f	f	
Anonyme	Caliste	tragédie	5	vers	f	f	1750-04-27
Anonyme	Chasse ridicule (La)	comédie	1	prose	f	f	1691-07-25
Anonyme	Dédit (Le)	comédie	5	vers	f	f	1694-02-18
Anonyme	Effet de la prévention (L')	comédie	1	prose	f	t	1731-02-10
Anonyme	Enfant gâté (L')	comédie	1	prose	f	f	1697-08-23
Anonyme	Entêtement ridicule (L')	comédie	1	vers	f	f	1699-10-15
Anonyme	Entêté (L')	comédie	1	prose	f	f	1694-06-03
Anonyme	Fille médecin (La)	comédie	1	""	f	f	1697-03-09
Anonyme	Frontin gouverneur du château de Vertigililinguen	comédie	1	""	f	f	1703-10-11
Anonyme	Gentilhomme meunier (Le)	comédie	1		f	f	
Anonyme	Gros lot de Marseille (Le)	comédie	1	prose	f	f	1700-09-23
Anonyme	Gênois (Le)	comédie	1	""	f	f	1695-06-06
Anonyme	Heureux échange (L')	comédie	5	vers	f	f	1740-10-22
Anonyme	Homme de guerre (L')	comédie	5	vers	f	f	1686-12-06
Anonyme	Héroïne (L')	comédie	1	""	f	f	1685-09-10
Anonyme	Jaloux masqué (Le)	comédie	3	""	f	t	1695-04-16
Anonyme	Jeune homme (Le)	comédie	1	prose	f	f	1694-10-14
Anonyme	Le Laquais fille	0	0	""	f	t	1681-04-30
Anonyme	Marquis de l'industrie (Le)	comédie	5	vers	f	f	1698-01-25
Anonyme	Marquise imaginaire (La)	comédie	1	""	f	f	1699-09-23
Anonyme	Maréchal médecin (Le) ou Les Houssards ou Le Médecin de Mantes	comédie	1	prose	f	f	1696-05-12
Anonyme	Médecin de village (Le)	comédie	1	prose	f	t	1704-09-24
Anonyme	Opérateur (L')	comédie	1	""	f	t	1685-10-24
Anonyme	Petit maître de campagne ou le Vicomte de Génicourt (Le)	comédie	1	prose	f	f	1701-07-26
Anonyme	Petits Maîtres d'été (Les)	comédie	1	prose	f	f	1696-08-30
Anonyme	Provençale (La)	comédie	1	""	f	f	1705-10-17
Anonyme	Père supposé (Le)	comédie	1	""	f	f	1699-07-04
Anonyme	Rival de son maître (Le)	comédie	5	vers	f	f	1687-04-25
Anonyme	Rivaux d'eux-mêmes (Les)	comédie	1	vers	f	f	1714-08-27
Anonyme	Souper (Le)	comédie	3	prose	f	f	1754-07-08
Anonyme	Sœurs rivales (Les)	comédie	1	vers	f	f	1696-07-26
Anonyme	Triomphe de l'hiver (Le)	comédie	1	prose	f	f	1694-11-29
Anonyme	Vieillards rajeunis (Les)	comédie	1	vers libre	f	t	1743-11-09
Anonyme	Zénobie	tragédie	5	vers	f	f	1693-11-18
Anonyme	Épreuve dangereuse (L')	comédie	5	vers	f	f	1688-08-24
Anonyme (attribuée à un certain Préchac)	Usuriers (Les)	comédie	1	vers	f	f	1680-10-16
Anonyme du XVIIIe s.	Cadet de Gascogne (Le)	comédie	1	""	f	f	1715-10-11
Anonyme du XVIIe s.	Cadet de Gascogne (Le)	comédie	5	""	f	f	1690-08-21
Anseaume (Louis) ; Marcouville (Pierre-Augustin Lefèvre de Marcouville dit)	Le Médecin de l'amour	musique		opéra comique	f	f	
Arnaud (François-Thomas-Marie de Baculard d')	Amants malheureux ou le Comte de Comminges (Les)	drame	3	vers	f	f	1790-05-14
Arnault (Antoine Vincent)	Lucrèce	tragédie	5	vers	f	f	1792-05-04
Arnault (Antoine Vincent)	Marius à Minturnes	tragédie	3	vers	f	f	1791-05-19
Artaud (Jean-Baptiste)	Centenaire de Molière (Le)	comédie	1	vers et prose	f	t	1773-02-18
Aubry (Jean-Baptiste Aubry des Carrières, dit )	Démétrius	tragédie	5	vers	f	f	1689-06-10
Aubry (Jean-Baptiste Aubry des Carrières, dit)	Agathocle	tragédie	5	vers	f	f	1690-05-10
Aude (Joseph)	Journaliste des ombres ou Momus aux Champs-Élysées (Le)	pièce héroïque nationale	1	vers	f	f	1790-07-14
Audierne (Jacques)	Mari égaré (Le)	comédie	1	prose	t	f	
Audierne (Jacques)	Méprise (La)	comédie	1	prose	t	f	
Audierne (Jacques)	Suivante désintéressée (La)	comédie	1	prose	t	f	
Aunillon (Pierre-Charles-Fabiot)	Amants déguisés (Les)	comédie	3	prose	f	f	1728-02-07
Autreau (Jacques)	Chevalier Bayard (Le)	comédie héroïque	5	vers	f	f	1731-11-23
Autreau (Jacques)	Magie de l'Amour (La)	comédie-pastorale	1	vers libres	f	t	1735-05-09
Auvigny (Jean du Castre d')	Tragédie en prose ou la Tragédie extravagante (La)	comédie	1	prose	f	t	1730-05-04
Avisse (Étienne-François)	Divorce ou les Époux mécontents (Le)	comédie	3	vers	t	t	1730-04-29
Baragué	Aphos	comédie	1	vers libres	f	t	1747-09-13
Barbier (Marie-Anne)	Arrie et Pétus	tragédie	5	vers	f	f	1702-06-03
Barbier (Marie-Anne)	Cornélie mère des Gracques	tragédie	5	vers	f	f	1703-01-05
Barbier (Marie-Anne)	Faucon (Le)	comédie	1	vers	f	f	1719-09-01
Barbier (Marie-Anne)	Mort de César (La) ou Jules César	tragédie	5	vers	f	f	1709-11-26
Barbier (Marie-Anne)	Tomyris	tragédie	5	vers	f	f	1706-11-23
Baron	Andrienne (L')	comédie	5	vers	f	f	1703-11-16
Baron	Coquette et la fausse prude (La)	comédie	5	prose	f	f	
Baron (Michel Boyron dit)	Adelphes ou L'École des pères (Les)	comédie	5	vers	f	f	1705-01-03
Baron (Michel Boyron dit)	Débauché (Le)	comédie	1	vers	f	f	1689-12-06
Baron (Michel Boyron dit)	Enlèvements (Les)	comédie	1	prose	f	f	1685-07-06
Baron (Michel Boyron dit)	Fontanges maltraitées ou les Vapeurs (Les)	comédie	1	prose	f	f	1689-05-11
Baron (Michel Boyron dit)	Homme à bonnes fortunes (L') L'homme à bonne fortune (titre alt).	comédie	5	prose	f	f	1686-01-31
Baron (Michel Boyron dit)	Jaloux (Le)	comédie	5	vers	f	f	1687-12-17
Baron (Michel Boyron dit)	Rendez-vous des Tuileries ou le Coquet trompé (Le)	comédie	3	prose	t	t	1685-03-03
Baron (Michel Boyron dit)	Répétition (La)	comédie	1	""	f	f	1689-07-10
Barthe (Nicolas-Thomas)	Amateur (L')	comédie	1	vers	f	f	1764-03-03
Barthe (Nicolas-Thomas)	Fausses infidélités (Les)	comédie	1	vers	f	f	1768-01-25
Barthe (Nicolas-Thomas)	Homme personnel (L')	comédie	5	vers	f	f	1778-02-21
Barthe (Nicolas-Thomas)	Mère jalouse (La)	comédie	3	vers	f	f	1771-12-23
Bastide (Jean-François de)	Jeune homme (Le)	comédie	5	vers	f	f	1764-05-17
Bauvin (Jean-Grégoire)	Chérusques (Les)	tragédie	5	vers	f	f	1772-09-26
Beaugeard (Jean-Simon Férréol)	Amants espagnols (Les)	comédie	5	prose	f	f	1782-10-23
Beauharnais (Fanny de)	Fausse inconstance ou le Triomphe de l'honnêteté (La)	comédie	5	prose	f	f	1787-01-31
Beaumarchais (Pierre-Augustin Caron de)	Barbier de Séville ou la Précaution inutile (Le)	comédie	4	prose	f	f	1775-02-23
Beaumarchais (Pierre-Augustin Caron de)	Deux amis ou le Négociant de Lyon (Les)	drame	5	prose	f	f	1770-01-13
Beaumarchais (Pierre-Augustin Caron de)	Eugénie	drame	5	prose	f	f	1767-01-29
Beaumarchais (Pierre-Augustin Caron de)	Mariage de Figaro ou la Folle journée (Le)	comédie	5	prose	f	f	1784-04-27
Beauregard	Docteur extravagant (Le)	comédie	5	vers	f	f	1684-01-14
Belin	Mort d'Othon (La)	tragédie	5	vers	f	f	1699-01-05
Belin (François)	Mustapha et Zéangir	Tragédie	5	Vers	f	f	1705-01-20
Belin (François)	Mustapha et Zéangir	tragédie	5	vers	f	f	1705-01-20
Belin (François)	Vononez, roi des Parthes	tragédie	5	vers	f	f	1701-01-07
Bellecour	Fausses apparences (Les)	comédie	1	prose	f	f	1761-08-17
Belloy (Pierre Laurent de)	Gabrielle de Vergy	tragédie	5	vers	f	f	
Belloy (Pierre Laurent de)	Gaston et Baïard ou Gaston et Bayard	tragédie	5	vers	f	f	1771-04-24
Belloy (Pierre Laurent de)	Pierre le cruel	tragédie	5	vers	f	f	1772-05-20
Belloy (Pierre Laurent de)	Siège de Calais (Le)	tragédie	5	vers	f	f	1765-02-13
Belloy (Pierre Laurent de)	Titus	tragédie	5	vers	f	f	1759-02-28
Belloy (Pierre Laurent de)	Zelmire	tragédie	5	vers	f	f	1762-05-06
Bernard (Catherine)	Brutus	tragédie	5	vers	f	f	1690-12-18
Bernard (Catherine)	Laodamie, reine d'Epire	tragédie	5	vers	f	f	1689-02-11
Bernis (François-Joachim de Pierres, cardinal de)	Amour et les Fées (L')	comédie	1	vers libres	f	t	1746-10-01
Billardon de Sauvigny (Edme-Louis)	Hirza ou les Illinois	tragédie	5	vers	f	f	1767-05-27
Billardon de Sauvigny (Edme-Louis)	Mort de Socrate (La)	tragédie	3	vers	f	f	1763-05-09
Billardon de Sauvigny (Edme-Louis)	Persifleur (Le)	comédie	3	vers	f	f	1771-02-08
Billardon de Sauvigny (Edme-Louis)	Washington ou la Liberté du Nouveau monde	tragédie	4	vers	f	f	1791-07-13
Bièvre (François-Georges Maréchal, marquis de)	Réputations (Les)	comédie	5	vers	f	f	1788-01-23
Bièvre (François-Georges Maréchal, marquis de)	Séducteur (Le)	comédie	5	vers	f	f	
Blin de Sainmore (Adrien-Michel-Hyacinthe)	Orphanis	tragédie	5	vers	f	f	1773-09-25
Boindin (Nicolas)	Bal d'Auteuil (Le)	comédie	3	prose	t	t	1702-08-22
Boindin (Nicolas)	Port de mer (Le)	comédie	1	prose	f	t	1704-05-27
Boindin (Nicolas) ; La Motte (Antoine Houdar de)	Trois Gascons (Les)	comédie	1	prose	f	t	1701-06-04
Boisrobert (François Le Métel de)	Jalouse d'elle-même (La)	comédie	5	vers	f	f	
Boisrobert (François Le Métel de)	Vraie Didon ou La Didon chaste (La)	tragédie	5	vers	f	f	
Boissy (Louis de)	Admète et Alceste	tragédie	5	vers	f	f	1727-01-25
Boissy (Louis de)	Amant de sa femme ou la Rivale d'elle-même (L')	comédie	1	prose	f	f	1721-09-19
Boissy (Louis de)	Babillard (Le)	comédie	1	vers	f	f	1725-06-16
Boissy (Louis de)	Badinage (Le)	comédie	1	vers	f	f	1733-11-23
Boissy (Louis de)	Dehors trompeurs ou l'Homme du jour (Les)	comédie	5	vers	f	f	1740-02-18
Boissy (Louis de)	Deux nièces (Les)	comédie	5	vers	f	f	1737-01-24
Boissy (Louis de)	Duc de Surrey (Le) ou Le Comte de Neuilly	pièce héroïque	5	vers	f	t	
Boissy (Louis de)	Embarras du choix (L')	comédie	5	vers	f	f	1741-12-11
Boissy (Louis de)	Folie du jour (La)	comédie	1	vers libres	f	t	1745-07-05
Boissy (Louis de)	Français à Londres (Le)	comédie	1	prose	f	f	1727-07-03
Boissy (Louis de)	Fête d'Auteuil (La) ou Fausse méprise (La)	comédie	3	vers libres	f	f	1742-08-23
Boissy (Louis de)	Impatient (L')	comédie	5	vers	t	f	1724-01-26
Boissy (Louis de)	Impertinent malgré lui (L')	comédie	5	vers	f	f	1729-05-14
Boissy (Louis de)	Médecin par occasion (Le)	comédie	5	vers	f	f	1745-03-12
Boissy (Louis de)	Pouvoir de la sympathie (Le)	comédie	3	vers	f	f	1738-07-05
Boissy (Louis de)	Péruvienne (La)	comédie	5	vers libres	f	f	1748-06-05
Boissy (Louis de)	Sage étourdi (Le) ou L'Homme indépendant	comédie	3	vers	f	f	1741-03-03
Boissy (Louis de)	Époux par supercherie (L')	comédie	2	vers	f	f	1744-03-09
Boistel d'Welles (Jean-Baptiste-Robert ou Robert)	Antoine et Cléopâtre	tragédie	5	vers	f	f	1741-11-06
Boistel d'Welles (Jean-Baptiste-Robert ou Robert)	Irène ou l'Innocence reconnue	tragédie	5	vers	f	f	1762-11-06
Boizard de Ponteau (Claude-Florimond)	Heure du berger (L')	comédie	1	prose	f	t	1737-11-12
Bonnet de Chemillin (Abbé)	Etranger (L')	comédie	1	vers	f	f	1745-08-09
Boursault (Edme)	Marie Stuart, reine d'Écosse 	tragédie	5	vers	f	f	1683-12-17
Boursault (Edme)	Mercure galant ou la Comédie sans titre (Le), Pièce sans titre (titre alt.)	comédie	4	vers	f	t	1683-03-05
Boursault (Edme)	Mots à la mode (Les)	comédie	1	vers	f	f	1694-08-19
Boursault (Edme)	Médecin volant (Le)	comédie	1	vers	f	f	
Boursault (Edme)	Nicandres ou les Menteurs qui ne mentent point (Les)	comédie	3	vers	f	f	
Boursault (Edme)	Phaéton	comédie	5	vers	f	f	1691-12-28
Boursault (Edme)	Ésope (titre alt.) / Fables d'Ésope ou Ésope à la ville (Les)	comédie	5	vers et vers libres	t	f	1690-01-18
Boursault (Edme)	Ésope à la cour	comédie héroïque	5	vers	t	f	1701-12-16
Boutet de Monvel (Jacques-Marie)	Amant Bourru (L')	comédie	3	vers libres	f	f	1777-08-13
Boutet de Monvel (Jacques-Marie)	Chevalier sans peur et sans reproche ou les Amours de Bayard (Le)	comédie héroïque	4	prose	f	f	1786-08-24
Boutet de Monvel (Jacques-Marie)	Clémentine et Desormes	drame	5	prose	f	f	1780-12-14
Boutet de Monvel (Jacques-Marie)	Victimes cloîtrées (Les)	drame	4	prose	f	f	1791-03-28
Boyer (Claude, abbé)	Artaxerce	tragédie	5	vers	f	f	
Boyer (Claude, abbé)	Judith	tragédie	5	vers	f	f	1695-03-04
Boyer (Claude, abbé) ; Le Clerc (Michel)	Oreste	tragédie	5	vers	f	f	1681-10-10
Boyer (Claude, abbé) pseud : Pader d'Assézan	Agamemnon ou  La Mort d'Agamemnon	tragédie	5	vers	f	f	
Boyer (Claude, abbé) pseud : Pader d'Assézan	Antigone	tragédie	5	vers	f	f	
Bret (Antoine)	Concert (Le)	comédie	1	prose	f	t	1747-11-16
Bret (Antoine)	Deux sœurs (Les)	comédie	2	prose	f	f	1767-11-20
Bret (Antoine)	Double extravagance (La)	comédie	3	vers	f	f	1750-07-27
Bret (Antoine)	Hôtellerie ou le Faux ami (L')	comédie	5	vers	f	f	1785-09-30
Bret (Antoine)	Jaloux (Le)	comédie	3	vers	f	f	1755-05-15
Bret (Antoine)	Mariage par dépit (Le)	comédie	3	prose	f	f	1765-06-13
Bret (Antoine)	Orpheline ou le Faux généreux (L')	comédie	3	vers	f	f	1758-01-18
Bret (Antoine)	École amoureuse (L')	comédie	1	vers libres	f	f	1747-09-11
Bret (Antoine)	Épreuve indiscrète (L')	comédie	2	vers	f	f	1764-01-30
Bret (Antoine) ; Godard d'Aucour (Claude) ; Villaret (Claude)	Quartier d'hiver (Le)	comédie	1	prose	f	t	1744-12-04
Brie (de)	Héraclides (Les)	tragédie	5	vers	f	f	1695-02-05
Brie (de)	Lourdaud (Le)	comédie	1	prose	f	f	1697-05-08
Brousse-Desfaucherets (Jean-Louis)	Avare cru bienfaisant (L')	comédie	5	vers	f	f	1784-12-15
Brousse-Desfaucherets (Jean-Louis)	Mariage secret (Le)	comédie	3	vers	f	f	
Brousse-Desfaucherets (Jean-Louis)	Portrait ou le Danger de tout dire (Le)	comédie	1	vers	f	f	
Brueys (David-Augustin de)	Avocat Patelin (L')	comédie	3	prose	f	f	1706-06-04
Brueys (David-Augustin de)	Gabinie	tragédie	5	vers	f	f	1699-03-14
Brueys (David-Augustin de)	Muet (Le)	comédie	5	prose	f	f	1691-06-22
Brueys (David-Augustin de)	Opiniâtre (L')	comédie	3	vers	f	f	1722-05-19
Brueys (David-Augustin de)	Sot toujours sot ou le Marquis paysan (Le)	comédie	1	prose	f	f	1693-07-03
Brueys (David-Augustin de) ; Palaprat (Jean de)	Empiriques (Les)	comédie	3	prose	f	f	1697-06-11
Brueys (David-Augustin de) ; Palaprat (Jean de)	Important de cour (L') ou Important (L')	comédie	5	prose	f	f	1693-12-16
Brunet (Pierre-Nicolas)	Noms changés, ou l'Indifférent corrigé (Les)	comédie	3	vers	f	f	1758-10-21
Brécourt (Guillaume Marcoureau, sieur de Brécourt, dit)	Cassette (La)	comédie	5	vers	f	t	1683-06-19
Brécourt (Guillaume Marcoureau, sieur de Brécourt, dit)	Jaloux invisible (Le) ou Bonnet enchanté (Le)	comédie	3	vers	f	t	1692-10-14
Brécourt (Guillaume Marcoureau, sieur de Brécourt, dit)	Noce de village (La)	comédie	1	prose	f	t	
Brécourt (Guillaume Marcoureau, sieur de Brécourt, dit)	Ombre de Molière (L')	comédie	1	prose	f	t	
Brécourt (Guillaume Marcoureau, sieur de Brécourt, dit)	Timon	comédie	1	vers	f	f	1684-08-13
Cahusac (Louis de)	Algérien ou les Muses comédiennes (L')	comédie-ballet	3	vers libres	t	t	1744-09-15
Cahusac (Louis de)	Comte de Warwick (Le)	tragédie	5	vers	f	f	1742-11-28
Cahusac (Louis de)	Pharamond	tragédie	5	vers	f	f	
Cahusac (Louis de)	Zénéïde	comédie	1	vers	f	t	1743-05-13
Cailhava de L'Estandoux (Jean-François)	Mariage interrompu (Le) ou La Fille supposée	comédie	3	vers	f	f	1769-04-10
Cailhava de L'Estandoux (Jean-François)	Présomption à la mode (La)	comédie	5	vers	f	f	
Cailhava de L'Estandoux (Jean-François)	Tuteur dupé (Le) ou La Maison à deux portes	comédie	5	prose	f	f	1765-09-30
Cailhava de L'Estandoux (Jean-François)	Égoïsme (L')	comédie	5	vers	f	f	
Cailhava de L'Estandoux (Jean-François)	Étrennes de l’amour (Les)	comédie-ballet	1	prose	f	t	1769-01-01
Cailhava de l'Estendoux (Jean-François)	Les Journalistes anglais	comédie	3	prose	f	f	1782-07-20
Campistron (Jean Galbert de)	Adrien	tragédie	5	vers	f	f	1690-01-11
Campistron (Jean Galbert de)	Alcibiade	tragédie	5	vers	f	f	1685-12-28
Campistron (Jean Galbert de)	Amante amant (L')	comédie	5	prose	f	f	1684-08-02
Campistron (Jean Galbert de)	Andronic	tragédie	5	vers	t	f	1685-02-08
Campistron (Jean Galbert de)	Arminius	tragédie	5	vers	f	f	1684-02-19
Campistron (Jean Galbert de)	Aétius	tragédie	5	vers	f	f	1693-01-28
Campistron (Jean Galbert de)	Jaloux désabusé (Le)	comédie	5	vers	f	f	1709-12-13
Campistron (Jean Galbert de)	Phocion	tragédie	5	vers	f	f	1688-12-16
Campistron (Jean Galbert de)	Phraate	tragédie	5	vers	f	f	
Campistron (Jean Galbert de)	Tiridate	tragédie	5	vers	f	f	1691-02-12
Campistron (Jean Galbert de)	Virginie	tragédie	5	vers	f	f	1683-02-12
Carbon de Flins Des Oliviers (Claude-Marie-Louis-Emmanuel)	Mari directeur ou le Déménagement du couvent (Le)	comédie	1	vers	f	f	1791-02-25
Carbon de Flins Des Oliviers (Claude-Marie-Louis-Emmanuel)	Réveil d'Épiménide à Paris (Le)	comédie	1	vers	f	f	1790-01-01
Carcavy (Charles-Alexandre, abbé)	Comtesse de Follenville (La)	comédie	1	prose	f	f	1720-10-11
Caux de Montlebert (Gilles de)	Lysimachus	tragédie	5	vers	f	f	1737-12-13
Caux de Montlebert (Gilles de)	Marius	tragédie	5	vers	f	f	1715-11-15
Chabanon (Michel Paul Guy de)	Faux noble (Le)	comédie	5	vers	f	f	1788-11-15
Chabanon (Michel Paul Guy de)	Éponine	tragédie	5	vers	f	f	1762-12-06
Chaligny des Plaines (François de)	Coriolan	tragédie	5	vers	f	f	1722-02-28
Chamfort (Sébastien-Roch-Nicolas de)	Jeune indienne (La)	comédie	1	vers	f	f	1764-04-30
Chamfort (Sébastien-Roch-Nicolas de)	Marchand de Smyrne (Le)	comédie	1	prose	f	f	1770-01-26
Chamfort (Sébastien-Roch-Nicolas de)	Mustapha et Zéangir	tragédie	5	vers	f	f	
Champmeslé (Charles Chevillet dit)	Divorce (Le)	comédie	5	vers	f	t	1683-09-06
Champmeslé (Charles Chevillet dit)	Fragments de Molière (Les)	comédie	2	prose	f	f	
Champmeslé (Charles Chevillet dit)	Grisettes ou Crispin chevalier (Les)	comédie	1	vers	f	f	
Champmeslé (Charles Chevillet dit)	Joueurs (Les)	comédie	5	vers	f	f	
Champmeslé (Charles Chevillet dit)	Parisien (Le)	comédie	5	vers	f	f	
Champmeslé (Charles Chevillet dit)	Rue Saint-Denis (La)	comédie	1	prose	f	f	
Champmeslé (Charles Chevillet dit)	Veuve (La)	comédie	1	prose	f	f	1699-07-30
Chateaubrun (Jean-Baptiste Vivien de)	Mahomet second	tragédie	5	vers	f	f	1714-11-13
Châteaubrun (Jean-Baptiste Vivien de)	Astyanax	tragédie	5	vers	f	f	1756-01-05
Châteaubrun (Jean-Baptiste Vivien de)	Philoctète	tragédie	5	vers	f	f	1755-03-01
Châteaubrun (Jean-Baptiste Vivien de)	Troyennes (Les)	tragédie	5	vers	f	f	1754-03-11
Chénier (Marie-Joseph de)	Azémire	tragédie	5	vers	f	f	
Chénier (Marie-Joseph de)	Charles IX ou l'École des rois	tragédie	5	vers	f	f	1789-11-04
Chénier (Marie-Joseph de)	Edgar ou le Page supposé	comédie	2	vers	f	f	1785-11-14
Claret de Fleurieu (Aglaé Deslacs, comtesse)	Pauline	comédie	2	vers	f	f	1791-07-02
Clément (Jean Marie Bernard)	Médée	tragédie	3	vers	f	f	1779-02-20
Colardeau (Charles-Pierre)	Astarbé	tragédie	5	vers	f	f	1758-02-27
Colardeau (Charles-Pierre)	Caliste	tragédie	5	vers	f	f	1760-11-12
Collet de Messine (Jean-Baptiste)	Abdolonime ou le Roi berger	comédie héroïque	3	vers	f	f	1776-03-06
Collet de Messine (Jean-Baptiste)	Île déserte (L')	comédie	1	vers	f	f	
Collin d'Harleville (Jean-François)	Châteaux en Espagne (Les)	comédie	5	vers	f	f	1789-02-20
Collin d'Harleville (Jean-François)	Inconstant (L')	comédie	5	vers	f	f	
Collin d'Harleville (Jean-François)	Monsieur de Crac dans son petit castel ou les Gascons	comédie	1	vers	f	t	1791-03-04
Collin d'Harleville (Jean-François)	Optimiste ou l'Homme content de tout (L')	comédie	5	vers	f	f	1788-02-22
Collin d'Harleville (Jean-François)	Vieux célibataire (Le)	comédie	5	vers	f	f	1792-02-24
Collot d'Herbois	Il y a une bonne justice ou le Paysan magistrat	drame	5	prose	f	f	1789-12-07
Collé (Charles)	Dupuis et Desronais - Dupuis et des Renais - Dupuis et des Ronais	comédie	3	vers libres	f	f	1763-01-17
Collé (Charles)	Partie de chasse de Henri IV (La)	comédie	3	prose	f	f	
Collé (Charles)	Veuve (La)	comédie	1	prose	f	f	1770-12-29
Colomb de Seillans	Gageure de Village (La)	comédie	1	prose	f	t	1756-05-26
Cordier de Saint-Firmin (Edmond)	Zarucma	tragédie	5	vers	f	f	1762-03-17
Corneille (Pierre)	Agésilas	tragédie	5	vers	f	f	
Corneille (Pierre)	Andromède	tragédie	5	vers	t	t	
Corneille (Pierre)	Attila, roi des Huns	tragédie	5	vers	f	f	
Corneille (Pierre)	Cid (Le)	tragi-comédie / tragédie	5	vers	f	f	
Corneille (Pierre)	Cinna ou la Clémence d'Auguste	tragédie	5	vers	f	f	
Corneille (Pierre)	Don Sanche d'Aragon	comédie héroïque	5	vers	f	f	
Corneille (Pierre)	Horace ou Les Horaces	tragédie	5	vers	f	f	
Corneille (Pierre)	Héraclius, empereur d'Orient	tragédie	5	vers	f	f	
Corneille (Pierre)	Menteur (Le)	comédie	5	vers	f	f	
Corneille (Pierre)	Mort de Pompée (La)	tragédie	5	vers	f	f	
Corneille (Pierre)	Médée	tragédie	5	vers	f	f	
Corneille (Pierre)	Nicomède	tragédie	5	vers	f	f	
Corneille (Pierre)	Othon	tragédie	5	vers	f	f	
Corneille (Pierre)	Polyeucte, martyr 	tragédie	5	vers	f	f	
Corneille (Pierre)	Rodogune ou Rodogune, princesse des Parthes	tragédie	5	vers	f	f	
Corneille (Pierre)	Sertorius	tragédie	5	vers	f	f	
Corneille (Pierre)	Sophonisbe	tragédie	5	vers	f	f	
Corneille (Pierre)	Suréna, général des Parthes	tragédie	5	vers	f	f	
Corneille (Pierre)	Toison d'or (La)	tragédie	5	vers	t	t	
Corneille (Pierre)	Œdipe	tragédie	5	vers	f	f	
Corneille (Thomas)	Ariane	tragédie	5	vers	f	f	
Corneille (Thomas)	Baron d'Albikrac (Le)	comédie	5	vers	f	f	
Corneille (Thomas)	Baron des Fondrières (Le)	comédie	5	vers	f	f	
Corneille (Thomas)	Bradamante	tragédie	5	vers	f	f	1695-11-18
Corneille (Thomas)	Camma, reine de Galatie	tragédie	5	vers	f	f	
Corneille (Thomas)	Comte d'Essex (Le)	tragédie	5	vers	f	f	
Corneille (Thomas)	Comtesse d'Orgueil (La)	comédie	5	vers	f	f	
Corneille (Thomas)	Comtesse d'Orgueil (La) ou Le Marquis de Lorgnac	comédie	5	vers	f	f	
Corneille (Thomas)	Don Bertrand de Cigarral	comédie	5	vers	f	t	
Corneille (Thomas)	Don César d'Avalos	comédie	5	vers	f	f	1674-12-21
Corneille (Thomas)	Geôlier de soi-même ou Jodelet prince (Le)	comédie	5	vers	f	f	
Corneille (Thomas)	Inconnu (L')	comédie	5	vers	t	t	
Corneille (Thomas)	L'inconnu	comédie	5	vers	t	f	
Corneille (Thomas)	Stilicon	tragédie	5	vers	f	f	
Corneille (Thomas) ; Donneau de Visé (Jean)	Pierre Philosophale (La)	comédie	5	""	f	t	1681-02-23
Corneille (Thomas) ; Donneau de Vizé (Jean)	Dames vengées ou la Dupe de soi-même (Les)	comédie	5	prose	f	f	1695-02-22
Corneille (Thomas) ; Donneau de Vizé (Jean)	Devineresse ou les Faux enchantements  (La)	comédie	5	prose	f	t	
Corneille (Thomas) ; Donneau de Vizé (Jean)	Usurier (L')	comédie	5	vers	f	f	1685-02-13
Corneille (Thomas), Donneau de Visé (Jean)	Inconnu (L')	comédie	5	vers	t	t	1675-11-17
Crébillon (Prosper Jolyot de)	Atrée et Thyeste	tragédie	5	vers	f	f	1707-03-14
Crébillon (Prosper Jolyot de)	Catilina	tragédie	5	vers	f	f	1748-12-20
Crébillon (Prosper Jolyot de)	Pyrrhus	tragédie	5	vers	f	f	1726-04-29
Crébillon (Prosper Jolyot de)	Rhadamiste et Zénobie	tragédie	5	vers	f	f	1711-01-23
Crébillon (Prosper Jolyot de)	Sémiramis	tragédie	5	vers	f	f	1717-04-10
Crébillon (Prosper Jolyot de)	Triumvirat ou la Mort de Cicéron (Le)	tragédie	5	vers	f	f	1754-12-23
Crébillon (Prosper Jolyot de)	Xerxès ou Xercès	tragédie	5	vers	f	f	1714-02-07
Crébillon (Prosper Jolyot de)	Électre	tragédie	5	vers	f	f	1708-12-14
Crébillon père (Prosper Jolyot de Crébillon dit)	Idoménée	tragédie	5	vers	f	f	1705-12-29
Cubières-Palmézeaux (Michel de)	Jeune épouse (La)	comédie	3	vers	f	f	
Cubières-Palmézeaux (Michel de)	Mort de Molière (La)	pièce historique	3	vers	f	f	1789-11-19
Cérou (Pierre)	Père désabusé (Le)	comédie	1	prose	f	f	1758-07-10
Dampierre de la Salle	Bienfait rendu ou le Négociant (Le)	comédie	5	vers	f	f	1763-04-18
Danchet (Antoine)	Cyrus	tragédie	5	vers	f	f	1706-02-23
Danchet (Antoine)	Héraclides (Les)	tragédie	5	vers	f	f	1719-12-29
Danchet (Antoine)	Nitétis	tragédie	5	vers	f	f	1723-02-11
Danchet (Antoine)	Tyndarides (Les)	tragédie	5	vers	f	f	1707-12-16
Dancourt (Florent Carton dit)	Agioteurs (Les)	comédie	3	prose	f	f	1710-09-26
Dancourt (Florent Carton dit)	Angélique et Médor	comédie	1	prose	f	t	1685-08-01
Dancourt (Florent Carton dit)	Baguette (La)	comédie	1	prose	f	t	1693-04-04
Dancourt (Florent Carton dit)	Belle-mère (La)	comédie	5	vers	f	f	1725-04-21
Dancourt (Florent Carton dit)	Bourgeoises à la mode (Les)	comédie	5	prose	f	f	1692-11-15
Dancourt (Florent Carton dit)	Carnaval de Venise (Le)	comédie héroïque	5	""	f	f	1690-12-29
Dancourt (Florent Carton dit)	Charivari (Le)	comédie	1	prose	f	t	1697-09-19
Dancourt (Florent Carton dit)	Chevalier à la mode (Le)	comédie	5	prose	f	f	
Dancourt (Florent Carton dit)	Chevalier à la mode (Le)	comédie	5	prose	f	f	1687-10-24
Dancourt (Florent Carton dit)	Colin-Maillard	comédie	1	prose	f	t	1701-10-28
Dancourt (Florent Carton dit)	Comédie des comédiens ou l'Amour charlatan (La)	comédie	3	prose	f	t	1710-08-05
Dancourt (Florent Carton dit)	Curieux de Compiègne (Les) ou Les Camps de Compiègne	comédie	1	prose	f	t	1698-10-24
Dancourt (Florent Carton dit)	Céphale et Procris	comédie	3	vers	t	t	1711-10-27
Dancourt (Florent Carton dit)	Dame à la mode ou la Suite de la coquette (La)	comédie	5	vers	f	f	1689-01-03
Dancourt (Florent Carton dit)	Diable boiteux (Le)	comédie	1	prose	t	t	1707-10-01
Dancourt (Florent Carton dit)	Dieux comédiens ou la Métempsycose des amours (Les)	comédie	3	vers	t	t	1717-12-17
Dancourt (Florent Carton dit)	Désolation des joueuses (La) ou Joueuses (Les)	comédie	1	prose	f	f	
Dancourt (Florent Carton dit)	Eaux de Bourbon (Les)	comédie	1	prose	f	t	1696-10-04
Dancourt (Florent Carton dit)	Enfants de Paris (Les) ou Famille à la mode (La) ou Finette	comédie	5	vers	f	f	1699-12-18
Dancourt (Florent Carton dit)	Femme d'intrigues (La)	comédie	5	prose	f	f	1692-01-30
Dancourt (Florent Carton dit)	Foire Saint-Germain (La)	comédie	1	prose	f	t	1696-01-19
Dancourt (Florent Carton dit)	Foire de Bezons (La)	comédie	1	prose	f	t	1695-08-13
Dancourt (Florent Carton dit)	Folle enchère (La)	comédie	1	prose	f	f	1690-05-30
Dancourt (Florent Carton dit)	Fées (Les)	comédie	3	prose et vers libres	t	t	1699-10-29
Dancourt (Florent Carton dit)	Fête de village ou les Bourgeoises de qualité (La)	comédie	3	prose	f	t	1700-07-13
Dancourt (Florent Carton dit)	Fêtes du cours (Les)	comédie	1	prose	t	t	1714-09-05
Dancourt (Florent Carton dit)	Galant jardinier (Le)	comédie	1	prose	f	t	1704-10-22
Dancourt (Florent Carton dit)	Gazette de Hollande (La) ou Gazette (La)	comédie	1	prose	f	f	1692-05-14
Dancourt (Florent Carton dit)	Guinguette de la finance (La)	comédie	1	prose	f	t	1716-05-19
Dancourt (Florent Carton dit)	Impromptu de Suresnes (L')	comédie-ballet	1	prose	t	t	1713-05-24
Dancourt (Florent Carton dit)	Impromptu de garnison (L')	comédie	1	prose	f	f	1692-07-26
Dancourt (Florent Carton dit)	Loterie (La)	comédie	1	prose	f	f	1697-07-10
Dancourt (Florent Carton dit)	Madame Artus	comédie	5	vers	f	f	1708-05-08
Dancourt (Florent Carton dit)	Maison de campagne (La)	comédie	1	prose	f	f	1688-08-27
Dancourt (Florent Carton dit)	Mari retrouvé (Le)	comédie	1	prose	f	t	1698-10-29
Dancourt (Florent Carton dit)	Merlin déserteur	comédie	1	prose	f	f	1690-08-02
Dancourt (Florent Carton dit)	Merlin la Chaconne	comédie	3		f	t	
Dancourt (Florent Carton dit)	Mort d'Alcide (La)	tragédie	5	vers	f	f	1704-10-17
Dancourt (Florent Carton dit)	Moulin de Javelle (Le)	comédie	1	prose	f	t	1696-07-07
Dancourt (Florent Carton dit)	Notaire obligeant (Le)	comédie	3	prose	f	f	1685-06-08
Dancourt (Florent Carton dit)	Opéra de village (L')	comédie	1	prose	f	t	1692-06-20
Dancourt (Florent Carton dit)	Opérateur Barry (L')	comédie	1	prose	t	t	1702-10-11
Dancourt (Florent Carton dit)	Parisienne (La)	comédie	1	prose	f	f	1691-06-13
Dancourt (Florent Carton dit)	Prix de l'arquebuse (Le)	comédie	1	prose	f	t	1717-10-01
Dancourt (Florent Carton dit)	Renaud et Armide	comédie	1	prose	f	t	
Dancourt (Florent Carton dit)	Retour des officiers (Le)	comédie	1	prose	f	t	1697-10-19
Dancourt (Florent Carton dit)	Sancho Pança gouverneur	comédie	5	vers	f	t	1712-11-15
Dancourt (Florent Carton dit)	"Second chapitre du ""Diable boiteux"" (Le)"	comédie	2	prose	t	t	1707-10-20
Dancourt (Florent Carton dit)	Trahison punie (La)	comédie	5	vers	f	f	1707-11-28
Dancourt (Florent Carton dit)	Trois cousines (Les)	comédie	3	prose	t	t	1700-10-18
Dancourt (Florent Carton dit)	Trois cousines (Les)	comédie	3	prose	t	t	1700-10-18
Dancourt (Florent Carton dit)	Tuteur amoureux (Le) ou Le Tuteur	comédie	1	prose	f	f	
Dancourt (Florent Carton dit)	Tuteur amoureux (Le) ou Le Tuteur	comédie	1	prose	f	f	1695-07-13
Dancourt (Florent Carton dit)	Vacances (Les)	comédie	1	prose	f	t	1696-10-31
Dancourt (Florent Carton dit)	Vendanges (Les)	comédie	1	prose	f	t	1694-09-30
Dancourt (Florent Carton dit)	Vendanges de Suresnes (Les)	comédie	1	prose	f	t	1695-10-15
Dancourt (Florent Carton dit)	Vert galant (Le)	comédie	1	prose	f	t	1714-10-24
Dancourt (Florent Carton dit)	Éclipse (L')	comédie	1	prose	f	t	1724-06-08
Dancourt (Florent Carton dit)	Été des coquettes (L')	comédie	1	prose	f	f	
Dancourt (Florent Carton dit)	Été des coquettes (L')	comédie	1	prose	f	t	1690-07-12
Dancourt (Louis Hurtaut)	Deux amis (Les)	comédie bouffonne	3	prose	f	f	1762-08-09
Delorme (Madame, pseudonyme de Marc-Antoine Legrand)	Rupture ou le Malentendu (La)	comédie	1	vers	f	f	1776-11-23
Demoustier (Charles-Albert)	Conciliateur ou l'Homme aimable (Le)	comédie	5	vers	f	f	1791-09-19
Demoustier (Charles-Albert)	Les Femmes	comédie	4	vers	f	f	1793-04-19
Denon (Dominique-Vivant)	Julie ou le Bon père	comédie	3	prose	f	f	1769-06-14
Dercy (P.)	Adèle de Crécy	drame	4	vers	f	f	1793-05-03
Desaudras	Minuit ou le Moment propice	comédie	1	prose	f	f	1791-12-31
Deschamps (François-Michel-Chrétien)	Antiochus et Cléopâtre	tragédie	5	vers	f	f	1717-10-29
Deschamps (François-Michel-Chrétien)	Artaxerce	tragédie	5	vers	f	f	1735-12-19
Deschamps (François-Michel-Chrétien)	Caton d'Utique	tragédie	5	vers	f	f	1715-01-25
Deschamps (François-Michel-Chrétien)	Médus	tragédie	5	vers	f	f	
Desfontaines (François-Georges)	Bergère des Alpes (La)	comédie	1	vers libre	f	f	1765-12-15
Desfontaines (François-Georges)	Fête de village (La)	intermède	1	musique	f	t	
Desfontaines (François-Georges)	Réduction de Paris (La)	pièce héroïque	3	prose	f	f	1780-11-25
Desfontaines (François-Georges)	Tombeau de Desilles (Le)	pièce	1	prose	f	f	1790-12-03
Desforges	Rival secrétaire (Le)	comédie	1	vers	t	f	1737-11-12
Desforges (Pierre-Jean-Baptiste Choudard)	Marins ou le Médiateur maladroit (Les)	comédie	5	vers	f	f	1783-07-30
Desmahis (Joseph-François-Edouard de Corsembleu)	Impertinent (L') ou Le Billet perdu	comédie	1	vers libres	f	f	1750-08-31
Desmarets de Saint-Sorlin (Jean)	Visionnaires (Les)	comédie	5	vers	f	f	
Desmarres	Dragonne ou Merlin dragon (La)	comédie	1	prose	f	t	
Destouches	Ambitieux et l'indiscrète (L')	tragi-comédie	5	vers	t	f	1737-06-14
Destouches	Amour usé (L')	comédie	5	prose	f	f	1741-09-20
Destouches	Curieux impertinent (Le)	comédie	5	vers	f	f	1710-11-17
Destouches	Dissipateur ou l'Honnête friponne (Le)	comédie	5	vers	f	f	1753-03-23
Destouches	Fausse Agnès ou le Poète campagnard (La)	comédie	3	prose	f	f	1759-03-10
Destouches	Force du naturel (La)	comédie	5	vers	f	f	1750-02-11
Destouches	Glorieux (Le)	comédie	5	vers	f	f	1732-01-18
Destouches	Homme singulier (L')	comédie	5	vers	f	f	1764-10-29
Destouches	Ingrat (L')	comédie	5	vers	f	f	1712-01-28
Destouches	Irrésolu (L')	comédie	5	vers	f	f	1713-01-05
Destouches	Médisant (Le)	comédie	5	vers	f	f	1715-02-20
Destouches	Obstacle imprévu ou l'Obstacle sans obstacle (L')	comédie	5	prose	f	f	1717-10-18
Destouches	Tambour nocturne ou le Mari devin (Le)	comédie	5	prose	f	f	1762-10-16
Destouches	Triple mariage (Le)	comédie	1	prose	f	t	1716-07-07
Destouches	Triple mariage (Le)	comédie	1	prose	f	t	1716-07-07
Destouches (Philippe Néricault dit)	Envieux ou la Critique du Philosophe marié (L')	comédie	1	prose	f	f	1727-05-03
Destouches (Philippe Néricault dit)	Fausse veuve ou le Jaloux sans jalousie (La)	comédie	1	prose	f	f	1715-07-20
Destouches (Philippe Néricault dit)	Philosophe marié ou le Mari honteux de l'être (Le)	comédie	5	vers	f	f	
Destouches (Philippe Néricault dit)	Philosophes amoureux (Les)	comédie	5	vers	f	f	1729-11-26
Destouches, Philippe Néricault	 Belle orgueilleuse (La) ou Enfant gâté (L')	comédie	1	prose	f	f	1741-08-17
Devaux (François-Antoine)	Engagements indiscrets (Les)	comédie	1	prose	f	f	1752-10-26
Dezède (Nicolas)	Paulin et Clairette ou les Deux espiègles	comédie-opéra	2	prose	f	t	1792-01-05
Dezède (Nicolas)	Trois noces (Les)	comédie champêtre	1	prose	f	t	1790-02-23
Diderot (Denis)	Fils naturel ou les Épreuves de la vertu (Le)	drame	5	prose	t	f	1771-09-26
Diderot (Denis)	Père de famille (Le)	comédie - drame	5	prose	f	f	1761-02-18
Doigny du Ponceau	Antigone ou la Piété fraternelle	tragédie	5	vers	f	f	1787-07-31
Doigny du Ponceau	Virginie ou la Destruction des Décemvirs	tragédie	3	vers	f	f	1791-08-31
Donneau de Vizé (Jean)	Amours de Vénus et d'Adonis (Les)	tragédie	5	vers	t	t	
Donneau de Vizé (Jean)	Aventurière (L')	comédie	5	vers	f	f	1696-01-02
Donneau de Vizé (Jean)	Mariage de Bacchus et d'Ariane (Le)	comédie héroïque	3	vers	t	t	
Donneau de Vizé (Jean)	Vieillard couru ou les Différents caractères des femmes (Le) ou mary couru (Le) 	comédie	5	prose	f	f	1696-03-24
Dorat (Claude-Joseph)	Adélaïde de Hongrie	tragédie	5	vers	f	f	1774-08-13
Dorat (Claude-Joseph)	Chevalier français à Londres (Le)	comédie	3	vers	f	f	1778-11-21
Dorat (Claude-Joseph)	Chevalier français à Turin (Le)	comédie	3	vers	f	f	1778-11-21
Dorat (Claude-Joseph)	Célibataire (Le)	comédie	5	vers libres	f	f	1775-09-20
Dorat (Claude-Joseph)	Feinte par amour (La)	comédie	3	vers	f	f	1773-07-31
Dorat (Claude-Joseph)	Malheureux imaginaire (Le)	comédie	5	vers	f	f	
Dorat (Claude-Joseph)	Pierre le Grand	tragédie	5	vers	f	f	1779-12-01
Dorat (Claude-Joseph)	Roséïde ou l'Intrigant	comédie	5	vers	f	f	1779-10-02
Dorat (Claude-Joseph)	Régulus	tragédie	3	vers	f	f	1773-07-31
Dorat (Claude-Joseph)	Théagène ou Théagène et Cariclée	tragédie	5	vers	f	f	1763-03-02
Dorat (Claude-Joseph)	Zulica	tragédie	5	vers	f	f	1760-01-07
Dorvigny	Noces hussardes (Les) ou Les Noces houzardes	comédie	4	prose	f	f	1780-01-30
Dorvigny	Étrennes de l'amitié, de l'amour et de la nature (Les)	comédie	1	vers	f	f	1780-01-01
Du Bocage (Anne-Marie)	Amazones (Les)	tragédie	5	vers	f	f	1749-07-24
Du Fresny (Charles)	Amant masqué (L')	comédie	1	prose	f	t	1709-08-08
Du Fresny (Charles)	Attendez-moi sous l’orme	comédie	1	prose	f	t	1694-05-19
Du Fresny (Charles)	Bailli marquis (Le)	comédie	1	prose	f	t	1703-02-24
Du Fresny (Charles)	Chevalier joueur (Le)	comédie	5	prose	f	f	1697-02-27
Du Fresny (Charles)	Coquette de village ou le lot supposé (La)	comédie	3	vers	f	f	1715-05-27
Du Fresny (Charles)	Double veuvage (Le)	comédie	3	prose	t	t	1702-03-08
Du Fresny (Charles)	Dédit (Le)	comédie	1	vers	f	f	1719-05-12
Du Fresny (Charles)	Esprit de contradiction (L')	comédie	1	prose	f	f	1700-08-27
Du Fresny (Charles)	Esprit de contradiction (L')	comédie	1	prose	f	f	1700-08-27
Du Fresny (Charles)	Faux honnête homme (Le)	comédie	3	prose	f	f	1703-02-24
Du Fresny (Charles)	Faux instinct (Le)	comédie	3	prose	f	t	1707-08-02
Du Fresny (Charles)	Faux sincère (Le)	comédie	5	vers	f	f	1731-06-16
Du Fresny (Charles)	Jaloux honteux de l'être (Le)	comédie	5	prose	f	f	1708-03-06
Du Fresny (Charles)	Joueuse (La)	comédie	5	prose	f	t	1709-10-22
Du Fresny (Charles)	Malade sans maladie (La)	comédie	5	prose	f	f	1699-11-27
Du Fresny (Charles)	Mariage fait et rompu (Le)	comédie	3	vers	f	f	1721-02-14
Du Fresny (Charles)	Noce interrompue (La)	comédie	1	prose	f	t	1699-08-19
Du Fresny (Charles)	Négligent (Le)	comédie	3	prose	t	t	1692-02-27
Du Fresny (Charles)	Réconciliation normande (La)	comédie	5	vers	f	f	1719-03-01
Du Fresny (Charles)	Sancho Pança	comédie	3	prose	f	t	1694-01-27
Du Roullet (François-Louis Gand Le Bland, bailli)	Effets du caractère (Les)	comédie	5	vers	f	f	1752-02-03
Du Ryer (Pierre)	Scévole	tragédie	5	vers	f	f	
Du Ryer (Pierre)	Scévole	tragédie	5	vers	f	f	
Dubois de Rochefort (Guillaume)	Deux frères (Les)	comédie	5	vers	f	f	
Dubois-Fontanelle (Joseph-Gaspard)	Loredan	drame	4	vers	f	f	1776-02-17
Dubois-Fontanelle (Joseph-Gaspard)	Éricie ou la Vestale	tragédie	3	vers	f	f	1789-08-19
Dubuisson (Pierre-Ulric)	Albert et Émilie	tragédie	5	vers	f	f	1785-04-30
Dubuisson (Pierre-Ulric)	Nadir ou Thamas-Kouli-Kan	tragédie	5	vers	f	f	1780-08-31
Dubuisson (Pierre-Ulric)	Scanderberg	tragédie	5	vers	f	f	1786-05-09
Dubuisson (Pierre-Ulric)	Vieux garçon (Le)	comédie	5	vers	f	f	1782-12-16
Duché de Vancy (Joseph-François)	Absalon	tragédie	5	vers	f	f	1712-04-07
Duché de Vancy (Joseph-François)	Jonathas	tragédie	3	vers	f	f	1714-02-26
Ducis (Jean-François)	Amélise	tragédie	5	vers	f	f	1768-01-09
Ducis (Jean-François)	Hamlet	tragédie	5	vers	f	f	1769-09-30
Ducis (Jean-François)	Macbeth	tragédie	5	vers	f	f	1784-01-12
Ducis (Jean-François)	Roi Lear (Le)	tragédie	5	vers	f	f	
Ducis (Jean-François)	Roméo et Juliette	tragédie	5	vers	f	f	1772-07-27
Ducis (Jean-François)	Œdipe chez Admète	tragédie	5	vers	f	f	
Dudoyer de Gastels (Gérard)	Adélaïde ou l'Antipathie pour l'amour	comédie	2	vers décasyllabes	f	f	1780-07-10
Dudoyer de Gastels (Gérard)	Laurette	comédie	2	vers	f	f	1768-09-14
Dudoyer de Gastels (Gérard)	Vindicatif (Le)	drame	5	vers libres	f	f	1774-07-02
Dufaut	Indécis (L')	comédie	5	vers	f	f	1759-08-02
Dufrénoy (Adélaïde-Gillette Billet)	Amour exilé des cieux (L')	pièce allégorique	1	vers	f	t	1788-11-18
Dupuy	Varron	comédie	5	vers	f	f	1687-11-14
Durosoy (Barnabé Farmian)	Richard III	tragédie	5	vers	f	f	1781-07-06
Dussieux (Louis)	Héros français ou le Siège de Saint-Jean-de-Lone (Les)	drame héroïque	4	prose	f	f	1780-08-21
Fabre d'Églantine (Philippe-François-Nazaire)	Augusta	tragédie	5	vers	f	f	1787-10-08
Fabre d'Églantine (Philippe-François-Nazaire)	Philinte de Molière ou la Suite du Misanthrope (Le)	comédie	5	vers	f	f	1790-02-22
Fabre d'Églantine (Philippe-François-Nazaire)	Présomptueux ou l'Heureux imaginaire (Le)	comédie	5	vers	f	f	1789-01-07
Fagan (Barthélemy-Christophe)	Amitié rivale (L')	comédie	5	vers	f	f	1735-11-16
Fagan (Barthélemy-Christophe)	Caractères de Thalie (Les)	comédie	3	prose / vers	t	t	1737-07-18
Fagan (Barthélemy-Christophe)	Grondeuse (La)	comédie	1	prose	f	t	1734-02-11
Fagan (Barthélemy-Christophe)	Heureux retour (L')	comédie	1	vers	f	t	1744-11-06
Fagan (Barthélemy-Christophe)	Inquiet (L')	comédie	1	vers	f	f	
Fagan (Barthélemy-Christophe)	Joconde	comédie	1	prose	f	t	1740-11-05
Fagan (Barthélemy-Christophe)	Lucas et Perrette	comédie	1	prose	f	t	1734-11-17
Fagan (Barthélemy-Christophe)	Marié sans le savoir (Le)	comédie	1	prose	f	f	1740-01-08
Fagan (Barthélemy-Christophe)	Originaux (Les) - Troisième partie des Caractères de Thalie	comédie	1	prose	f	t	
Fagan (Barthélemy-Christophe)	Pupille (La)	comédie	1	prose	f	t	1734-07-05
Fagan (Barthélemy-Christophe)	Pupille (La)	comédie	1	prose	f	t	1734-07-05
Fagan (Barthélemy-Christophe)	Rendez-vous ou l'Amour supposé (Le)	comédie	1	vers	f	f	1733-05-27
Fagan (Barthélemy-Christophe)	Étourderie (L')	comédie	1	prose	f	f	
Falconnet (Françoise-Cécile)	Amour à Tempé (L')	pastorale	2	prose	f	t	1773-07-03
Falconnet (Françoise-Cécile) ; Rozet (Madame)	Heureuse rencontre (L')	comédie	1	prose	f	f	1771-03-07
Fallet (Nicolas)	Alphée et Zarine	tragédie	5	vers	f	f	1788-06-19
Fallet (Nicolas)	Tibère et Sérénus	tragédie	5	vers	f	f	1782-08-23
Favart (Charles-Simon)	Anglais à Bordeaux (L')	comédie	1	vers libres	f	f	1763-03-14
Fenouillot de Falbaire (Charles-Georges)	Honnête criminel ou l'Amour filial (L')	drame	5	vers	f	f	1790-01-04
Fenouillot de Falbaire de Quingey (Charles-Georges)	Fabricant de Londres (Le)	drame	5	prose	f	f	1771-01-12
Fenouillot de Falbaire de Quingey (Charles-Georges)	École des moeurs ou les Suites du libertinage (L')	drame	5	vers	f	f	1776-05-13
Ferrier de la Martinière (Louis)	Montézume dernier roi du Mexique	tragédie	5	vers	f	f	1702-02-14
Florent Carton dit Dancourt	Le Siège de Calais	comédie					
Fontenelle (Bernard le Bouvier de)	Aspar	tragédie	5	vers	f	f	1680-12-27
Fontenelle (Bernard le Bouvier de)	Comète (La)	comédie	1	prose	f	t	1701-01-29
Forgeot (Nicolas-Julien)	Ressemblance (La)	comédie	3	vers	f	f	1788-01-18
Forgeot (Nicolas-Julien)	Rivaux amis (Les)	comédie	1	vers	f	f	1782-11-13
Forgeot (Nicolas-Julien)	Épreuves (Les)	comédie	1	vers	f	f	1785-01-29
Fournelle (Jean-Nicolas)	Aveugle par crédulité (L')	comédie	1	prose	f	f	1778-01-31
François de Neufchâteau (Nicolas)	Paméla ou la Vertu récompensée	comédie	5	vers	f	f	
François-Marie Arouet dit Voltaire	Sophonisbe	tragédie					
Fuzelier (Louis)	Amusements de l'automne ou les Temples d'Éphèse et de Gnide (Les)	comédie	4	prose	t	t	1725-10-17
Fuzelier (Louis)	Momus fabuliste ou les Noces de Vulcain ou Momus fabuliste ou le Mariage de Vénus et de Vulcain	comédie	1	prose et vers libres	f	t	1719-09-26
Fuzelier (Louis)	Procès des Sens (Le)	comédie	1	vers	f	f	1732-06-16
Gaultier	Basile et Quitterie	tragi-comédie	3	vers	t	t	1723-01-13
Genest (Charles-Claude)	Polymneste ou Polymnestre	tragédie	5	vers	f	f	1696-12-12
Genest (Charles-Claude)	Pénélope	tragédie	5	vers	f	f	
Genest (Charles-Claude)	Pénélope	tragédie	5	vers	f	f	1684-01-22
Genest (Charles-Claude)	Zélonide, princesse de Sparte	tragédie	5	vers	f	f	
Genest (Charles-Claude, abbé)	Joseph	tragédie	5	vers	f	f	1710-12-19
Genlis (Stéphanie-Félicité du Crest, comtesse de)	Jean-Jacques Rousseau dans l'île de Saint-Pierre	drame	5	prose	t	f	1791-12-15
Gilbert (Gabriel)	Amours de Diane et d'Endymion (Les) ou Endymion	tragédie	5	vers	t	t	1681-07-22
Gillet de La Tessonerie	Campagnard (Le)	comédie	5	vers	f	f	
Goldoni (Carlo)	Bourru bienfaisant (Le)	comédie	3	prose	f	f	1771-11-04
Gomez (Madeleine-Angélique de)	Cléarque, tyran d'Héraclée	tragédie	5	vers	f	f	1717-11-26
Gomez (Madeleine-Angélique de)	Habis	tragédie	5	vers	f	f	1714-04-17
Gomez (Madeleine-Angélique de)	Sémiramis	tragédie	5	vers	f	f	1716-02-01
Gouges (Olympe de)	Esclavage de nègres ou l'Heureux naufrage (L')	drame	3	prose	f	f	1789-12-28
Graffigny (Françoise de)	Cénie	drame	5	prose	f	f	1750-06-25
Graffigny (Françoise de)	Fille d'Aristide (La)	comédie	5	vers	f	f	1758-04-29
Grandval (Nicolas Racot de)	Camp de Porché-Fontaine (Le)	comédie	1	prose	f	t	1722-10-09
Grave (Jean Hyacinthe, vicomte de)	Varon	tragédie	5	vers	f	f	1751-12-20
Gresset (Jean-Baptiste-Louis)	Méchant (Le)	comédie	5	vers	f	f	1747-04-15
Gresset (Jean-Baptiste-Louis)	Sidney	comédie	3	vers	f	f	1745-05-03
Gresset (Jean-Baptiste-Louis)	Édouard III	tragédie	5	vers	f	f	1740-01-22
Grouvelle (Philippe-Antoine)	Épreuve délicate (L')	comédie	3	vers	f	f	1785-06-20
Gudin de La Brenellerie (Paul-Philippe)	Caïus Marcius Coriolan ou le Danger d'offenser un grand homme	tragédie	4	vers	f	f	1776-08-14
Guimond de La Touche (Claude)	Iphigénie en Tauride	tragédie	5	vers	f	f	1757-06-04
Guyot de Merville (Michel)	Achille dans l'île de Scyros	comédie héroïque	3	vers	f	f	1737-10-10
Guyot de Merville (Michel)	Consentement forcé (Le)	comédie	1	prose	f	t	1738-08-13
Guyot de Merville (Michel)	Médecin de l'esprit (Le)	comédie	1	prose	f	f	
Guyot de Merville (Michel)	Époux réunis ou la Veuve fille et femme (Les)	comédie	5	vers	f	f	1738-10-31
Guérin d'Estriché (Nicolas-Armand-Martial)	Myrtil et Mélicerte	pastorale héroïque	3	vers	t	t	1699-01-28
Guérin d'Estriché (Nicolas-Armand-Martial)	Psyché de village (La)	comédie	4	prose	t	t	1705-05-29
Harny de Guerville	Liberté conquise ou le Despotisme renversé (La)	drame patriotique	5	prose	f	f	1791-01-04
Hauteroche (Noël Lebreton, sieur de)	Bourgeoises de qualité (Les)	comédie	5	vers	f	f	1690-07-26
Hauteroche (Noël Lebreton, sieur de)	Cocher supposé (Le)	comédie	1	prose	f	f	
Hauteroche (Noël Lebreton, sieur de)	Cocher supposé (Le)	comédie	1	prose	f	f	1684-06-09
Hauteroche (Noël Lebreton, sieur de)	Crispin musicien	comédie	5	vers	f	t	
Hauteroche (Noël Lebreton, sieur de)	Crispin médecin	comédie	3	vers	f	f	
Hauteroche (Noël Lebreton, sieur de)	Deuil (Le)	comédie	1	vers	f	t	
Hauteroche (Noël Lebreton, sieur de)	Esprit follet ou la Dame invisible (L')	comédie	5	vers	f	f	1684-02-22
Hauteroche (Noël Lebreton, sieur de)	Feint polonais, ou la Veuve impertinente (Le)	comédie	3	prose	f	f	
Hauteroche (Noël Lebreton, sieur de)	Nouvellistes (Les)	comédie	1	prose	f	f	
Hauteroche (Noël Lebreton, sieur de)	Souper mal apprêté (Le)	comédie	1	vers	f	f	
Hénault (Charles-Jean-François)	Cornélie vestale	tragédie	5	vers	f	f	1713-01-27
Imbert (Barthélemy)	Fausse apparence ou le Jaloux malgré lui (La)	comédie	3	vers	f	f	1789-04-24
Imbert (Barthélemy)	Gâteau des rois (Le)	comédie	1	vers	t	f	1775-01-06
Imbert (Barthélemy)	Inauguration du Théâtre français (L')	pièce	1	vers	f	f	1782-04-09
Imbert (Barthélemy)	Jaloux sans amour (Le)	comédie	5	vers libres	f	f	1781-01-08
Imbert (Barthélemy)	Marie de Brabant, reine de France	tragédie	5	vers	f	f	1789-09-09
Imbert (Barthélemy)	Rivaux (Les)	comédie	5	vers	f	f	1787-12-18
Inconnu	La Cavalcade	divertissement			f	t	
Jean Racine	Turcaret	tragédie					
Jean-Baptiste Collet de Messine	L'Ile déserte	comédie		""	f	f	1758-08-23
Jean-Baptiste Poquelin dit Molière	Dom Juan ou Le Festin de Pierre	comédie					
Jean-François Cailhava d’Estendoux	""	""					
Jolly (François Antoine)	École des amants (L')	comédie	3	vers	f	f	1718-10-18
Jolly (François-Antoine)	Vengeance de l'amour (La)	comédie	5	vers	f	f	1721-12-04
L'Affichard (Thomas)	Acteurs déplacés ou l'Amant comédien (Les)	comédie	1	prose	t	t	1735-10-14
L'Affichard (Thomas)	Rencontre imprévue, ou la Surprise des amants (La)	comédie	3	prose	f	f	1735-10-14
L'Affichard (Thomas); Allainval (Léonor-Jean-Christine Soulas d')	Réjouissances publiques ou le Gratis (Les)	comédie	1	prose	f	t	1729-09-18
La Chapelle (Jean de)	Ajax	tragédie	5	vers	f	f	1684-12-27
La Chapelle (Jean de)	Carrosses d'Orléans (Les)	comédie	1	prose	f	t	1680-08-09
La Chapelle (Jean de)	Cléopâtre	tragédie	5	vers	f	f	1681-12-12
La Chapelle (Jean de)	Téléphonte	tragédie	5	vers	f	f	
La Chapelle (Jean de)	Zaïde	tragédie	5	vers	f	f	1681-01-26
La Chaussée (Pierre-Claude Nivelle de La Chaussée, dit Pierre-Claude)	Critique de la Fausse antipathie (La)	comédie	1	prose/vers	f	f	1734-03-11
La Chaussée (Pierre-Claude)	Amour pour amour	comédie	3	vers	t	t	1742-02-16
La Chaussée (Pierre-Claude)	Fausse antipathie (La)	comédie	3	vers	t	f	1733-10-02
La Chaussée (Pierre-Claude)	Gouvernante (La)	comédie	5	vers	f	f	1747-01-18
La Chaussée (Pierre-Claude)	Maximien	tragédie	5	vers	f	f	1738-02-28
La Chaussée (Pierre-Claude)	Mélanide	comédie	5	vers	f	f	1741-05-12
La Chaussée (Pierre-Claude)	Paméla	comédie	5	vers	f	f	1743-12-06
La Chaussée (Pierre-Claude)	Préjugé à la mode (Le)	comédie	5	vers	f	f	1735-02-03
La Chaussée (Pierre-Claude)	Rival de lui-même ou la Fête interrompue (Le)	comédie	1	vers libres	t	t	1746-04-20
La Chaussée (Pierre-Claude)	École de la jeunesse ou le Retour sur soi-même (L')	comédie	5	vers	f	f	1749-02-22
La Chaussée (Pierre-Claude)	École des amis (L')	comédie	5	vers	f	f	1737-02-25
La Chaussée (Pierre-Claude)	École des mères (L')	comédie	5	vers	f	f	1744-04-27
La Chazette (de)	Don Ramire et Zaïde	tragédie	5	vers	f	f	1728-01-24
La Font (Joseph de)	Amour vengé (L')	comédie	1	vers	f	f	1712-10-14
La Font (Joseph de)	Danaé ou Jupiter Crispin	comédie	1	vers	t	f	1707-07-04
La Font (Joseph de)	Naufrage ou la Pompe funèbre de Crispin (Le) ou Crispin brûlé	comédie	1	vers	f	t	1710-06-14
La Font (Joseph de)	Trois frères rivaux (Les)	comédie	1	vers	f	f	1713-08-04
La Font (Joseph de)	Trois frères rivaux (Les)	comédie	1	vers	f	f	1713-08-04
La Fontaine (Jean de)	Florentin (Le)	comédie	1	vers	f	f	
La Fontaine (Jean de)	Ragotin ou le Roman comique	comédie	5	vers	f	f	1684-04-21
La Fontaine (Jean de)	Rendez-vous (Le)	comédie	1	vers	f	f	1683-05-06
La Fontaine (Jean de)	Veau perdu (Le) ou Amours de campagne (Les)	comédie	1	prose	f	f	1689-08-22
La Fontaine (Jean de) ; Champmeslé (Charles Chevillet dit)	Je vous prends sans verd	comédie	1	vers	f	t	1693-05-01
La Fontaine (Jean de) ; Champmeslé (Charles Chevillet, sieur de Champmeslé, dit)	Coupe enchantée (La)	comédie	1	prose	f	f	1688-07-16
La Fosse (Antoine de)	Corésus et Callirhoé	tragédie	5	vers	f	f	1703-12-07
La Fosse (Antoine de)	Manlius Capitolinus	tragédie	5	vers	f	f	1698-01-18
La Fosse (Antoine de)	Polixène	tragédie	5	vers	f	f	1696-02-03
La Fosse (Antoine de)	Thésée	tragédie	5	vers	f	f	1700-01-05
La Grange (ou Lagrange, Nicolas [de])	Rajeunissement inutile (Le)	comédie	3	vers	f	t	1738-09-27
La Grange-Chancel (François-Joseph de)	Accommodement imprévu (L')	comédie	1	vers	f	f	1737-11-12
La Grange-Chancel (François-Joseph de)	Adherbal, roi de Numidie	tragédie	5	vers	f	f	1694-01-08
La Grange-Chancel (François-Joseph de)	Alceste	tragédie	5	vers	f	f	1703-12-19
La Grange-Chancel (François-Joseph de)	Amasis	tragédie	5	vers	f	f	1701-12-13
La Grange-Chancel (François-Joseph de)	Athénaïs	tragédie	5	vers	f	f	1699-11-20
La Grange-Chancel (François-Joseph de)	Cassius et Victorinus martyrs	tragédie	5	vers	f	f	1732-10-06
La Grange-Chancel (François-Joseph de)	Fille supposée ou l'Héroïne de roman (La)	comédie	3	vers	f	f	1713-05-11
La Grange-Chancel (François-Joseph de)	Ino et Mélicerte	tragédie	5	vers	f	f	1713-03-10
La Grange-Chancel (François-Joseph de)	Méléagre	tragédie	5	vers	f	f	1699-01-28
La Grange-Chancel (François-Joseph de)	Oreste et Pylade	tragédie	5	vers	f	f	1697-12-11
La Grange-Chancel (François-Joseph de)	Sophonisbe	tragédie	5	vers	f	f	1716-11-10
La Grange-Chancel (François-Joseph de)	Érigone	tragédie	5	vers	f	f	1731-12-17
La Harpe (Jean François de)	Barmécides (Les)	tragédie	5	vers	f	f	1778-07-11
La Harpe (Jean François de)	Brames (Les)	tragédie	5	vers	f	f	
La Harpe (Jean François de)	Comte de Warwick (Le)	tragédie	5	vers	f	f	1763-11-07
La Harpe (Jean François de)	Coriolan	tragédie	5	vers	f	f	1784-03-02
La Harpe (Jean François de)	Jeanne de Naples	tragédie	5	vers	f	f	1781-12-12
La Harpe (Jean François de)	Molière à la nouvelle salle ou les Audiences de Thalie	comédie	1	vers libres	f	f	1782-04-12
La Harpe (Jean François de)	Muses rivales ou l'Apothéose de Voltaire (Les)	comédie	1	vers libres	f	f	1779-02-01
La Harpe (Jean François de)	Pharamond	tragédie	5	vers	f	f	1765-08-14
La Harpe (Jean François de)	Philoctète	tragédie	3	vers	f	f	1783-06-16
La Harpe (Jean François de)	Timoléon	tragédie	5	vers	f	f	1764-08-01
La Harpe (Jean François de)	Virginie	tragédie	5	vers	f	f	1786-07-11
La Montagne (Pierre, baron de)	Physicienne (La)	comédie	1	vers	f	f	1786-03-16
La Morlière (Jacques Rochette de)	Créole (La)	comédie	1	prose	f	t	1754-08-12
La Morlière (jacques Rochette de)	Amant déguisé (L')	comédie	2	prose	f	f	1758-06-26
La Motte (Antoine Houdar de)	Inès de Castro	tragédie	5	vers	f	f	1723-04-06
La Motte (Antoine Houdar de)	Italie galante ou les contes (L')	ambigu-comique	3	prose	t	t	1731-05-11
La Motte (Antoine Houdar de)	Machabées (Les)	tragédie	5	vers	f	f	1721-03-06
La Motte (Antoine Houdar de)	Magnifique (Le)	comédie	2	prose	f	t	
La Motte (Antoine Houdar de)	Matrone d'Éphèse (La)	comédie	1	prose	f	f	1702-09-23
La Motte (Antoine Houdar de)	Romulus	tragédie	5	vers	f	f	1722-01-08
La Motte (Antoine Houdar de)	Talisman (Le)	comédie	1	prose	f	t	1727-03-27
La Motte (Antoine Houdar de)	Œdipe	tragédie	5	vers	f	f	1726-03-18
La Noue (Jean-Baptiste Sauvé de La Noue, dit)	Mahomet second	tragédie	5	vers	f	f	
La Noue (Jean-Baptiste Simon Sauvé de La Noue, dit)	Coquette corrigée (La)	comédie	5	vers	f	f	1756-02-23
La Place (Pierre-Antoine de)	Adèle de Ponthieu ou Adèle, comtesse de Ponthieu	tragédie	5	vers	f	f	1757-04-28
La Place (Pierre-Antoine de)	Jeanne d'Angleterre	tragédie	5	vers	f	f	1748-05-08
La Place (Pierre-Antoine de)	Venise sauvée	tragédie	5	vers	f	f	1746-12-05
La Place (Pierre-Antoine de)	Veuvage trompeur (Le)	comédie	3	vers	f	f	
La Place (Pierre-Antoine de)	Épouse à la mode (L')	comédie	3	vers	f	f	1760-10-25
La Salle (Adrien-Nicolas)	Oncle et les Tantes, ou Chacun sa folie (L')	comédie	3	vers	f	f	1785-11-25
La Tuillerie (Jean-François Juvenon de La Tuillerie, dit)	Hercule	tragédie	5	vers	f	f	1681-11-07
La Tuillerie (Jean-François Juvenon de La Tuillerie, dit)	Merlin peintre	comédie	1	prose	f	f	1687-07-20
La Tuillerie (Jean-François Juvenon de La Tuillerie, dit)	Nitocris	tragédie	5	vers	f	f	1683-03-10
La Tuillerie (Jean-François Juvenon de La Tuillerie, dit)	Soliman	tragédie	5	vers	f	f	1680-10-11
La Tuillerie (Jean-François Juvenon)	Crispin précepteur	comédie	1	vers	f	f	
La Tuillerie (Jean-François Juvenon, sieur de La Tuillerie, dit)	Crispin bel esprit	comédie	1	vers	f	f	1681-07-11
La Tuillerie (Jean-François Juvenon, sieur de La Tuillerie, dit)	Crispin précepteur	comédie	1	vers	f	f	1688-06-24
La Valette	Amante en tutelle (L')	comédie	3	vers	t	f	1735-08-17
Laignelot (Joseph François)	Agis	tragédie	5	vers	f	f	
Laignelot (Joseph François)	Rienzi	tragédie	5	vers	f	f	1791-03-02
Landois (Paul)	Sylvie	tragédie	1	prose	t	f	1741-08-17
Landon (Joseph)	Tribunal de l'amour (Le)	comédie	1	vers libres	f	t	1750-10-12
Lantier (Étienne François de)	Coquettes rivales (Les)	comédie	5	vers	f	f	1786-02-06
Lantier (Étienne François de)	Flatteur (Le)	comédie	5	vers libres	f	f	1782-02-15
Lantier (Étienne François de)	Impatient (L')	comédie	1	vers libres	f	f	1778-09-03
Lantier (Étienne François de)	Inconséquent (L')	comédie	5	vers	f	f	1788-05-31
Lattaignant de Bainville	Fat (Le) ou Le Suffisant ou Le Petit maître dupé	comédie	5	vers	f	f	1751-03-05
Laujon	Les Soubrettes	comédie en 5 actes					
Laujon	Les Soubrettes	comédie en 5 actes					
Laujon	Les Soubrettes	comédie en 5 actes					
Laujon (Pierre)	Couvent ou les Fruits du caractère et de l'éducation (Le)	comédie	1	prose	f	f	1790-04-16
Laujon (Pierre)	Inconséquent ou les Soubrettes (L')	comédie	5	prose	f	f	1777-09-24
Laujon (Pierre)	Soubrettes (Les)	comédie	5	prose	f	f	1777-09-24
Launay, De	Paresseux (Le)	comédie	3	vers	t	f	1733-04-28
Laus de Boissy (Louis de)	Maire ou le Pouvoir de la loi (Le)	comédie patriotique	1	prose	f	f	1793-02-22
Laya (Jean-Louis)	Ami des lois (L')	comédie	5	vers	f	f	1793-01-02
Laya (Jean-Louis)	Dangers de l'opinion (Les)	drame	5	vers	f	f	1790-01-19
Laya (Jean-Louis)	Jean Calas	tragédie	5	vers	f	f	1790-12-18
Le Blanc de Guillet (Antoine)	Albert premier ou Adeline	comédie héroïque	3	vers	f	f	1775-02-04
Le Blanc de Guillet (Antoine)	Druides (Les)	tragédie	5	vers	f	f	1772-03-07
Le Blanc de Guillet (Antoine)	Manco Capac, premier Inca du Pérou	tragédie	5	vers	f	f	1763-06-13
Le Clerc de La Bruère (Charles-Antoine)	Mécontents (Les)	comédie	1	vers	t	t	1734-12-01
Le Franc de Pompignan (Jean-Jacques)	Didon	tragédie	5	vers	f	f	1734-06-21
Le Mascrier (Jean-Baptiste)	Caprice et la Ressource (Le)	prologue	1	vers	f	f	1732-10-01
Le Mierre (Antoine-Marin)	Artaxerce	tragédie	5	vers	f	f	
Le Mierre (Antoine-Marin)	Barnevelt	tragédie	5	vers	f	f	1790-06-30
Le Mierre (Antoine-Marin)	Céramis	tragédie	5	vers	f	f	1785-12-29
Le Mierre (Antoine-Marin)	Guillaume Tell	tragédie	5	vers	f	f	1766-12-17
Le Mierre (Antoine-Marin)	Hypermnestre	tragédie	5	vers	f	f	1758-08-31
Le Mierre (Antoine-Marin)	Idoménée	tragédie	5	vers	f	f	1764-02-13
Le Mierre (Antoine-Marin)	Térée	tragédie	5	vers	f	f	1761-05-25
Le Mierre (Antoine-Marin)	Veuve du Malabar ou l'Empire des coutumes (La)	tragédie	5	vers	f	f	1770-07-30
Le Noble (Eustache	Fourbe (Le)	comédie	5	prose	f	f	1693-02-14
Le neveu de l'abbé Abeille (Nicolas Abeille dit)	Fille valet (La)	comédie	3	vers	f	f	1712-09-05
Lebeau de Schosne (Augustin-Théodore-Vincent)	L'Assemblée	comédie	1	vers	f	f	1773-02-17
Leblanc (Jean-Bernard, abbé)	Aben-Saïd, empereur des Mogols	tragédie	5	vers	f	f	1735-06-06
Lebrun (Denise)	Thélamire	tragédie	5	vers	f	f	
Lefèvre (Pierre-François-Alexandre)	Cosroès	tragédie	5	vers	f	f	1767-08-26
Lefèvre (Pierre-François-Alexandre)	Florinde	tragédie	5	vers	f	f	1770-11-10
Lefèvre (Pierre-François-Alexandre)	Hercule au mont Œta	tragédie	5	vers	f	f	1787-05-24
Lefèvre (Pierre-François-Alexandre)	Zuma	tragédie	5	vers	f	f	
Legouvé (Gabriel-Marie)	Mort d'Abel (La)	tragédie	3	vers	f	f	1792-03-06
Legrand (Marc-Antoine)	Amants ridicules (Les) ou Les Triomphes du temps passé	comédie	1	vers	f	f	1711-06-01
Legrand (Marc-Antoine)	Amour diable (L')	comédie	1	vers	f	t	1708-06-30
Legrand (Marc-Antoine)	Aveugle clairvoyant (L')	comédie	1	vers	f	f	1716-09-18
Legrand (Marc-Antoine)	Bon ami (Le)	comédie	1	prose	f	f	1780-11-04
Legrand (Marc-Antoine)	Cartouche ou les Voleurs	comédie	3	prose	f	t	1721-10-21
Legrand (Marc-Antoine)	Chasse du cerf (La)	comédie-ballet	3	prose	t	t	1726-10-14
Legrand (Marc-Antoine)	Famille extravagante (La)	comédie	1	vers	f	t	1709-06-07
Legrand (Marc-Antoine)	Femme fille et veuve (La)	comédie	1	vers	f	f	1707-05-26
Legrand (Marc-Antoine)	Foire de Saint-Laurent (La)	comédie	1	vers	f	t	1709-09-20
Legrand (Marc-Antoine)	Française italienne (La)	comédie	1	prose	f	t	
Legrand (Marc-Antoine)	Galant coureur ou l'Ouvrage d'un moment (Le)	comédie	1	prose	f	t	1722-08-11
Legrand (Marc-Antoine)	Impromptu de la folie (L')	ambigu-comique	2	prose	t	t	1725-11-05
Legrand (Marc-Antoine)	Le Temps passé ou le Triomphe du temps passé (Le)	comédie	1	prose	f	t	
Legrand (Marc-Antoine)	Métamorphose amoureuse (La)	comédie	1	prose	f	f	1712-08-06
Legrand (Marc-Antoine)	Nouveauté (La)	comédie	1	prose	f	t	
Legrand (Marc-Antoine)	Paniers ou la Vieille précieuse (Les) ou La Vieille Précieuse	comédie	1	prose	f	t	1723-02-25
Legrand (Marc-Antoine)	Philanthrope ou l'Ami de tout le monde (Le)	comédie	1	prose	f	t	1724-02-19
Legrand (Marc-Antoine)	Plutus	comédie	3	vers	f	t	1720-02-01
Legrand (Marc-Antoine)	Roi de Cocagne (Le)	comédie	3	vers libres	t	t	1718-12-31
Legrand (Marc-Antoine)	Temps présent ou le Triomphe du temps présent (Le)	comédie	1	prose	f	t	
Legrand (Marc-Antoine)	Triomphe du temps (Le)	divertissement comique	3	prose	t	t	1724-10-18
Legrand (Marc-Antoine)	Usurier gentilhomme (L')	comédie	1	prose	f	t	1713-09-11
Legrand (Marc-Antoine)	Épreuve réciproque (L')	comédie	1	prose	f	f	1711-10-06
Legrand (Marc-Antoine) ; Fuzelier (Louis)	Amazones modernes (Les) ou Le Triomphe des dames	comédie	3	prose	f	t	1727-10-29
Lemercier (Louis-Népomucène)	Lovelace	comédie	5	vers	f	f	1792-04-20
Lemercier (Népomucène-Louis)	Méléagre	tragédie	5	vers	f	f	1788-02-29
Lemonnier (Pierre-René)	Mariage clandestin (Le)	comédie	3	vers libres	f	f	1775-08-12
Lesage (Alain-René)	Crispin rival de son maître	comédie	1	prose	f	f	1707-03-15
Lesage (Alain-René)	Don César Ursin	comédie	5	prose	f	f	1707-03-15
Lesage (Alain-René)	Point d'honneur (Le)	comédie	5	prose	f	f	1702-02-03
Lesage (Alain-René)	Tontine (La)	comédie	1	prose	f	f	1732-02-20
Lesage (Alain-René)	Turcaret	comédie	5	prose	f	f	1709-02-14
Lesur (Charles-Louis)	Apothéose de Beaurepaire (L')	pièce	1	vers	f	f	1792-11-21
Linant (Nicolas-Michel)	Alzaïde	tragédie	5	vers	f	f	1745-12-13
Linant (Nicolas-Michel)	Vanda, reine de Pologne	tragédie	5	vers	f	f	1747-05-17
Longchamp (Charlotte Legrand, épouse Pitel de)	Voleur ou Titapapouf (Le)	comédie	1	prose	f	f	1687-11-04
Longepierre (Hilaire-Bernard de)	Médée ou Médée et Jason	tragédie	5	vers	f	f	1694-02-13
Longepierre (Hilaire-Bernard de)	Sésostris	tragédie	5	vers	f	f	1695-12-28
Longepierre (Hilaire-Bernard de)	Électre	tragédie	5	vers	f	f	1719-02-22
Longueil (Charles-Henri de)	Orphelin anglais (L')	drame	3	prose	f	f	1769-01-26
Lonvay de La Saussaye (Jean-Baptiste)	Alcidonis ou la Journée lacédémonienne	comédie	3	prose	f	t	1773-03-13
Lourdet de Santerre (Jean-Baptiste)	Les Quatre sœurs	comédie	3	vers libres	f	f	1793-05-23
Lourdet de Santerre (Jean-Baptiste)	Soirée d'une vieille femme (La)	comédie	2	prose	f	f	1793-03-25
Louvet	Mort d'Alexandre (La)	tragédie	5	vers	f	f	1684-05-26
M. Alexandre-Guillaume Moulier de Moissy	Le Bienfait anonyme ou le faux généreux	comédie					
M. Alexandre-Louis-Bertrand Robineau dit Beaunoir	La Philosophie	drame					
M. Duis	""	""					
M. François-Guillaume Ducray-Duminil	Les Horaces	tragédie					
M. Henri-Alex. Allaire	Les Hommes du jour	vaudeville					
Mailhol (Gabriel)	Paros	tragédie	5	vers	f	f	1754-01-21
Maillet-Duclairon (Antoine)	Cromwel	tragédie	5	vers	f	f	1764-06-07
Manteufel (Ernest de)	Auguste et Théodore ou les Deux pages	comédie	2	prose	f	f	1789-03-06
Marc-Antoine Legrand / Le Grand	Le Glorieux	comédie					
Marc-Antoine Legrand / Le Grand	Les Poupées	comédie					
Marchadier (Abbé)	Plaisir (Le)	comédie	1	vers libres	f	t	1747-08-03
Marignié (Jean-Étienne-François)	Zoraï ou les Insulaires de Nouvelle-Zélande	tragédie	5	vers	f	f	1782-10-05
Marin (François-Louis-Claude)	Julie ou le Triomphe de l'amitié	comédie	3	prose	f	f	1762-03-03
Marivaux (Pierre de)	Annibal ou la mort d'Annibal	tragédie	5	vers	f	t	1720-12-16
Marivaux (Pierre de)	Dispute (La)	comédie	1	prose	f	f	1744-10-19
Marivaux (Pierre de)	Dénouement imprévu (Le)	comédie	1	prose	f	t	1724-03-06
Marivaux (Pierre de)	Legs (Le)	comédie	1	prose	f	f	1736-06-11
Marivaux (Pierre de)	Les Fausses confidences	comédie	3	vers	f	f	
Marivaux (Pierre de)	Petit-maître corrigé (Le)	comédie	3	prose	f	f	1734-11-06
Marivaux (Pierre de)	Préjugé vaincu (Le)	comédie	1	prose	f	f	1746-08-06
Marivaux (Pierre de)	Réunion des amours (La)	comédie héroïque	1	prose	f	f	1731-11-05
Marivaux (Pierre de)	Seconde surprise de l'amour (La) / La Surprise de l'amour (titre alt.)	comédie	3	prose	f	f	1727-12-31
Marivaux (Pierre de)	Serments indiscrets (Les)	comédie	5	prose	f	f	1732-06-08
Marivaux (Pierre de)	Surprise de l'amour (La)	comédie	3	prose	f	f	1722-05-03
Marivaux (Pierre de)	Épreuve (L')	comédie	1	prose	f	f	
Marivaux (Pierre de)	Île de la raison ou les Petits hommes (L')	comédie	3	prose	t	t	1727-09-11
Marmontel (Jean-François)	Aristomène	tragédie	5	vers	f	f	1749-04-30
Marmontel (Jean-François)	Cléopâtre	tragédie	5	vers	f	f	1750-05-20
Marmontel (Jean-François)	Denis le tyran	tragédie	5	vers	f	f	1748-02-05
Marmontel (Jean-François)	Héraclides (Les)	tragédie	5	vers	f	f	1752-05-24
Marmontel (Jean-François)	Égyptus	tragédie	5	vers	f	f	1753-02-05
Martel	Tarentule (La)	comédie	1	prose	f	t	1745-11-02
Mauduit-Larive (Jean)	Pyrame et Thisbé	scène lyrique	2	prose	f	t	1783-06-02
Mauger	Amestris	tragédie	5	vers	f	f	1747-07-03
Mauger	Coriolan	tragédie	5	vers	f	f	1748-01-10
Mauger	Cosroès	tragédie	5	vers	f	f	1752-04-20
Mauger	Épreuve imprudente (L')	comédie	3	vers libres	f	f	1758-12-04
Mauprie (Olivier Hubert Angélique Gourjaut de Mauprie, marquis de)	Caliste ou la Belle pénitente	tragédie	5	vers	f	f	
Mercier (Louis-Sebastien)	Maison de Molière (La)	comédie	4	prose	f	f	1787-10-20
Michel Procope-Couteaux	Les Amants brouillés par Arlequin messager balourd	comédie					
Michel Procope-Couteaux 	Les Amants brouillés par Arlequin messager balourd	comédie					
Moissy (Alexandre-Guillaume de)	Deux frères ou la Prévention vaincue (Les)	comédie	5	vers	f	f	1768-07-27
Moissy (Alexandre-Guillaume de)	Valet maître (Le)	comédie	3	vers	f	f	1751-11-06
Moline (Pierre-Louis)	Discipline militaire du Nord (La)	drame	5	prose	f	f	1781-11-12
Molière (Jean-Baptiste Poquelin dit)	Amants magnifiques (Les)	comédie-ballet	5	prose	t	t	
Molière (Jean-Baptiste Poquelin dit)	Amour médecin (L') / Les Médecins / Les 4 Médecins (titre alt.)	comédie-ballet	3	prose	t	t	
Molière (Jean-Baptiste Poquelin dit)	Amphitryon	comédie	3	vers libres	t	t	
Molière (Jean-Baptiste Poquelin dit)	Avare (L')	comédie	5	prose	f	f	
Molière (Jean-Baptiste Poquelin dit)	Bourgeois gentilhomme (Le)	comédie-ballet	5	prose	f	t	
Molière (Jean-Baptiste Poquelin dit)	Comtesse d'Escarbagnas (La)	comédie	1	prose	f	t	
Molière (Jean-Baptiste Poquelin dit)	Critique de l'École des femmes (La)	comédie	1	prose	f	f	
Molière (Jean-Baptiste Poquelin dit)	Dépit amoureux (Le)	comédie	5	vers	f	f	
Molière (Jean-Baptiste Poquelin dit)	Femmes savantes (Les)	comédie	5	vers	f	f	
Molière (Jean-Baptiste Poquelin dit)	Fourberies de Scapin (Les)	comédie	3	prose	f	f	
Molière (Jean-Baptiste Poquelin dit)	Fâcheux (Les)	comédie-ballet	3	vers	t	t	
Molière (Jean-Baptiste Poquelin dit)	George Dandin ou le Mari confondu	comédie	3	prose	f	t	
Molière (Jean-Baptiste Poquelin dit)	Malade imaginaire (Le)	comédie-ballet	3	vers	t	t	
Molière (Jean-Baptiste Poquelin dit)	Mariage forcé (Le)	comédie	1	prose	f	t	
Molière (Jean-Baptiste Poquelin dit)	Misanthrope (Le)	comédie	5	vers	f	f	
Molière (Jean-Baptiste Poquelin dit)	Monsieur de Pourceaugnac	comédie-ballet	3	prose	f	t	
Molière (Jean-Baptiste Poquelin dit)	Médecin malgré lui (Le) ou Médecin forcé (Le) (titre alt.)	comédie	3	prose	f	t	
Molière (Jean-Baptiste Poquelin dit)	Princesse d'Élide (La)	comédie-ballet	5	prose	t	t	
Molière (Jean-Baptiste Poquelin dit)	Précieuses ridicules (Les)	comédie	1	prose	f	t	
Molière (Jean-Baptiste Poquelin dit)	Psyché	tragédie	5	vers	t	t	
Molière (Jean-Baptiste Poquelin dit)	Sganarelle ou le Cocu imaginaire	comédie	1	vers	f	f	
Molière (Jean-Baptiste Poquelin dit)	Sicilien ou l'Amour peintre (Le)	comédie-ballet	1	prose	f	t	
Molière (Jean-Baptiste Poquelin dit)	Tartuffe ou l'Imposteur	comédie	5	vers	f	f	
Molière (Jean-Baptiste Poquelin dit)	École des femmes (L')	comédie	5	prose	f	f	
Molière (Jean-Baptiste Poquelin dit)	École des maris (L')	comédie	3	prose	f	f	
Molière (Jean-Baptiste Poquelin dit)	Étourdi ou les Contretemps (L')	comédie	5	vers	f	f	
Molière (Jean-Baptiste Poquelin dit) 	Dom Juan ou Le Festin de Pierre	comédie	5	prose	f	f	
Molière (Jean-Baptiste Poquelin dit) 	Les Fâcheux	comédie-ballet	3	vers	t	f	
Molière (Jean-Baptiste Poquelin dit) / arrangée et versifiée par Corneille (Thomas)	Festin de Pierre (Le)	comédie	5	vers	f	f	1677-02-12
Molé (François-René)	Quiproquo (Le)	comédie	1	prose	f	f	1781-09-26
Moncrif (François-Augustin Paradis de)	Oracle de Delphes (L')	comédie	3	vers	f	f	1722-12-17
Montanclos (Marie-Émilie de)	Déjeuner interrompu (Le)	comédie	2	prose	f	f	1783-03-17
Montauban (Jacques Pousset de)	Charmes de Félicie, tirés de la Diane de Montemayor (Les)	pastorale	5	vers	f	t	
Montesson (Charlotte-Jeanne Béraud de La Haie de Riou, comtesse de)	Comtesse de Chazelle (La)	comédie	5	vers	f	f	1785-05-06
Montfleury	École des jaloux ou le Cocu volontaire (L') ou La Fausse Turquie ou l'École des jaloux ou Turquie (La)	comédie	3	vers	f	f	
Montfleury (Antoine Jacob dit)	Bon soldat (Le)	comédie	1	vers	f	t	1691-10-10
Montfleury (Antoine Jacob dit)	Dom Pasquin d'Avalos	intermède	1	vers	f	f	
Montfleury (Antoine Jacob dit)	Femme juge et partie (La), Femme juge (La) (titre alt.)	comédie	5	vers	f	f	
Montfleury (Antoine Jacob dit)	Fille capitaine (La)	comédie	5	vers	f	f	
Montfleury (Antoine Jacob dit)	Mari sans femme (Le)	comédie	5	vers	f	t	
Montfleury (Antoine Jacob dit)	Mariage de rien (Le)	comédie	1	vers	f	t	
Montfleury (Antoine Jacob dit)	Semblable à soi-même (Le)	comédie	1	vers	f	f	
Montfleury (Antoine Jacob, dit)	Comédien poète (Le)	comédie	5	vers	f	t	
Montfort	Mère ridicule (La)	comédie	1	""	f	f	1684-05-08
Morand (Pierre de)	Childéric	tragédie	5	vers	f	f	1736-12-19
Morand (Pierre de)	Mégare	tragédie	5	vers	f	f	1748-10-19
Morand (Pierre de)	Téglis	tragédie	5	vers	f	f	1735-09-19
Nadal (Augustin)	Mariamne	tragédie	5	vers	f	f	1725-02-15
Nadal (Augustin)	Saül	tragédie	5	vers	f	f	1705-02-27
Nadal (Augustin, abbé)	Antiochus ou Les Macchabées	tragédie	5	vers	f	f	1721-12-06
Nadal (Augustin, abbé)	Hérode	tragédie	5	vers	f	f	1709-02-15
Oisemont (d')	Laurette	comédie	3	vers libres	f	f	1779-08-02
Pacarony (chevalier de)	Bajazet premier	tragédie	5	vers	f	f	
Palaprat (Jean de)	Concert ridicule (Le) ou Concert (Le)	comédie	1	prose	f	t	1689-09-14
Palaprat (Jean de)	Grondeur (Le)	comédie	3	prose et vers libres	t	f	1691-02-03
Palaprat (Jean de, sieur de Bigot)	Ballet extravagant (Le)	comédie	1	prose	f	t	1690-06-21
Palaprat (Jean de, sieur de Bigot)	Hercule et Omphale	comédie	5	vers	f	f	1694-05-07
Palaprat (Jean de, sieur de Bigot)	Prude du temps (La) ou Saturnales (Les)	comédie	5	vers	f	f	1693-01-07
Palaprat (Jean de, sieur de Bigot)	Secret révélé (Le)	comédie	1	prose	f	f	1690-09-13
Palissot de Montenoy (Charles)	Courtisanes ou l'Écueil des mœurs (Les)	comédie	3	vers	f	f	1782-07-26
Palissot de Montenoy (Charles)	Méprises ou le Rival par ressemblance (Les)	comédie	5	vers	f	f	1762-06-07
Palissot de Montenoy (Charles)	Philosophes (Les )	comédie	3	vers	f	f	1760-05-02
Palissot de Montenoy (Charles)	Satirique ou l'Homme dangereux (Le)	comédie	3	vers	f	f	1782-05-10
Palissot de Montenoy (Charles)	Tuteurs (Les) ou Les Trois tuteurs	comédie	2	vers	f	f	1754-09-02
Palissot de Montenoy (Charles)	Zarès	tragédie	5	vers	f	f	1751-06-03
Parisau (Pierre-Germain)	Prix académique (Le)	comédie	1	vers	f	f	1787-08-31
Parmentier 	Bal de Passy (Le)	comédie	1	prose	f	f	1741-08-17
Patu (Claude-Pierre) ; Portelance (Michel)	Adieux du goût (Les)	comédie	1	vers libres	f	t	1754-02-13
Pellegrin (Simon-Joseph)	Artaxare	tragédie	5	vers	f	f	1718-05-03
Pellegrin (Simon-Joseph)	Divorce de l'amour et de la raison ou le Vieux monde (Le)	comédie	3	vers	t	t	1723-09-01
Pellegrin (Simon-Joseph)	Fausse inconstance (La)	comédie	3	vers	f	f	1732-09-15
Pellegrin (Simon-Joseph)	Mort d'Ulysse (La)	tragédie	5	vers	f	f	1706-12-29
Pellegrin (Simon-Joseph)	Nouveau monde (Le)	comédie	3	vers libres	t	t	1722-09-11
Pellegrin (Simon-Joseph)	Pastor-fido (Le)	pastorale héroïque	3	vers	t	f	1726-09-07
Pellegrin (Simon-Joseph)	Polydore	tragédie	5	vers	f	f	1705-11-06
Pellegrin (Simon-Joseph)	Père intéressé ou les Vrais amis (Le)	comédie	5	vers	f	f	1720-11-26
Pellegrin (Simon-Joseph)	Pélopée	tragédie	5	vers	f	f	1733-07-18
Pellegrin (Simon-Joseph)	Tibère	tragédie	5	vers	f	f	
Pellegrin (Simon-Joseph)	École de l'hymen (L')	comédie	3	prose/vers	t	t	1737-09-28
Pesselier (Charles-Étienne)	Ésope au Parnasse	comédie	1	vers	f	t	
Peyraud de Beaussol	Arsacides (Les)	tragédie	6	vers	f	f	1775-07-26
Picard (Louis-Benoît)	Conteur ou les Deux postes (Le)	comédie	3	prose	f	f	1793-02-04
Pierre Nicolas Brunet Debaines	Les Noms changés ou l'Indifférent corrigé	comédie					
Pieyre (Alexandre)	Amis à l'épreuve (Les)	comédie	1	vers croisés	f	f	1787-07-19
Pieyre (Alexandre)	École des pères (L')	comédie	5	vers	f	f	1787-06-01
Pilhes (Joseph)	Bienfait anonyme (Le)	comédie	3	prose	f	f	1783-10-06
Piron (Alexis)	Callisthène	tragédie	5	vers	f	f	1730-02-18
Piron (Alexis)	Courses de Tempé (Les)	pastorale	1	vers	f	t	1734-09-01
Piron (Alexis)	Fernand-Cortès	tragédie	5	vers	f	f	1744-01-08
Piron (Alexis)	Gustave Wasa	tragédie	5	vers	f	f	1733-02-03
Piron (Alexis)	Métromanie ou le Poète (La)	comédie	5	vers	f	f	1738-01-10
Piron (Alexis)	École des pères ou les Fils ingrats (L')	comédie	5	vers	f	f	1728-10-21
Poinsinet (Antoine-Alexandre-Henri)	Cercle ou la Soirée à la mode (Le)	comédie épisodique	1	prose	f	f	
Poinsinet (Antoine-Alexandre-Henri)	Impatient (L')	comédie	1	vers	f	f	1757-07-09
Poinsinet de Sivry (Louis)	Ajax	tragédie	5	vers	f	f	1762-08-30
Poinsinet de Sivry (Louis)	Briséis ou la colère d'Achille	tragédie	5	vers	f	f	1759-06-25
Poinsinet de Sivry (Louis)	Pygmalion	comédie	1	prose	f	f	1760-12-13
Poisson (Philippe)	Alcibiade	comédie	3	vers	f	f	1731-02-23
Poisson (Philippe)	Amour secret (L')	comédie	1	vers	f	f	1740-10-05
Poisson (Philippe)	Boîte de Pandore (La)	comédie	1	prose	f	f	1729-03-18
Poisson (Philippe)	Impromptu de campagne (L')	comédie	1	vers	f	f	1733-12-21
Poisson (Philippe)	Mariage fait par lettre de change (Le)	comédie	1	vers	f	t	1735-07-13
Poisson (Philippe)	Procureur arbitre (Le)	comédie	1	vers	f	f	1728-02-25
Poisson (Philippe)	Ruses d'Amour (Les)	comédie	3	vers	f	f	1736-04-30
Poisson (Philippe)	Réveil d'Épiménide (Le)	comédie	3	vers	t	f	1735-01-07
Poisson (Raymond)	Après-souper des auberges (L') / Les Auberges (titre alt.)	comédie	1	vers	f	t	
Poisson (Raymond)	Baron de la Crasse (Le)	comédie	1	vers	f	t	
Poisson (Raymond)	Fou de qualité (Le) ou Le Fou raisonnable	comédie	1	vers	f	t	
Poisson (Raymond)	Fous divertissants (Les)	comédie	3	vers	f	t	1680-11-14
Poisson (Raymond)	Pipeurs ou les Femmes coquettes (Les) ou Fructus Belli 	comédie	5	vers	f	f	
Pont-de-Veyle (Antoine de Fériol, comte de)	Complaisant (Le)	comédie	5	prose	f	t	1732-12-29
Pont-de-Veyle (Antoine de Fériol, comte de)	Fat puni (Le)	comédie	1	prose	f	t	1738-04-14
Pont-de-Veyle (Antoine de Fériol, comte de)	Somnambule (Le)	comédie	1	prose	f	f	
Portelance (Michel)	Antipater	tragédie	5	vers	f	f	1751-11-25
Pousset de Montauban (Jacques)	Panurge ou Les Aventures et le mariage de Panurge	comédie	5		f	t	
Pradon (Nicolas)	Germanicus	tragédie	5	vers	f	f	1694-12-28
Pradon (Nicolas)	Pyrame et Thisbé	comédie	5	vers	f	f	
Pradon (Nicolas)	Régulus	tragédie	5	vers	f	f	1688-01-04
Pradon (Nicolas)	Scipion l'Africain	tragédie	5	vers	f	f	1697-02-22
Pradon (Nicolas)	Tamerlan ou la mort de Bajazet	tragédie	5	vers	f	f	1706-08-04
Pradon (Nicolas)	Tarquin	tragédie	5	vers	f	f	
Procope-Couteaux (Michel)	Assemblée des comédiens (L')	prologue	1	""	t	f	1724-09-22
Péchantrés (Nicolas de)	Géta	tragédie	5	vers	f	f	1687-01-29
Péchantrés (Nicolas de)	Jugurtha, roi de Numidie	tragédie	5	vers	f	f	1692-12-17
Péchantrés (Nicolas de)	Mort de Néron (La)	tragédie	5	vers	f	f	1703-02-21
Quinault (Philippe)	Agrippa, roi d'Albe ou le Faux Tiberinus ou Tiberinus (titre alt.)	tragi-comédie	5	vers	f	f	
Quinault (Philippe)	Amalasonte	tragédie	5	vers	f	f	
Quinault (Philippe)	Amant indiscret ou le Maître étourdi (L')	comédie	5	vers	f	f	
Quinault (Philippe)	Astrate, roi de Tyr	tragédie	5	vers	f	f	
Quinault (Philippe)	Bellérophon	tragédie	5	vers	f	f	
Quinault (Philippe)	Coups de l'amour et de la fortune (Les)	tragi-comédie	5	vers	f	f	
Quinault (Philippe)	Mère coquette ou les Amants brouillés (La)	comédie	5	vers	f	f	
Racine (Jean)	Alexandre le Grand	tragédie	5	vers	f	f	
Racine (Jean)	Andromaque	tragédie	5	vers	f	f	
Racine (Jean)	Bajazet	tragédie	5	vers	f	f	
Racine (Jean)	Britannicus	tragédie	5	vers	f	f	
Racine (Jean)	Bérénice	tragédie	5	vers	f	f	
Racine (Jean)	Esther	tragédie	3	vers	t	t	1689-01-26
Racine (Jean)	Iphigénie ou Iphigénie en Aulide	tragédie	5	vers	f	f	
Racine (Jean)	Mithridate	tragédie	5	vers	f	f	
Racine (Jean)	Phèdre et Hippolyte ou Phèdre	tragédie	5	vers	f	f	
Racine (Jean)	Plaideurs (Les)	comédie	5	vers	f	f	
Racine (Jean)	Thébaïde ou les Frères ennemis (La)	tragédie	5	vers	f	f	
Racine (Jean), Moreau (Jean-Baptiste)	Athalie	tragédie	5	vers	f	t	1691-01-05
Raisin (Jacques)	Faux Gascon (Le)	comédie	1	prose	f	f	1688-05-28
Raisin (Jacques)	Niais de Sologne (Le)	comédie	1	prose	f	f	
Raisin (Jacques)	Petit homme de la foire (Le)	comédie	1	prose	f	f	1687-05-20
Raisin (Jean-Baptiste)	Merlin Gascon	comédie	1	prose	f	f	1690-10-07
Raucourt (Françoise-Marie-Antoinette-Josèphe Saucerotte dite Mademoiselle)	Henriette	drame	3	prose	f	f	1782-03-01
Regnard (Jean-François)	Bourgeois de Falaise (Le)	comédie	1	vers	f	t	1696-06-14
Regnard (Jean-François)	Critique du Légataire universel (La)	comédie	1	prose	f	f	1708-02-09
Regnard (Jean-François)	Distrait (Le)	comédie	5	vers	f	f	1697-12-02
Regnard (Jean-François)	Démocrite amoureux	comédie	5	vers	f	f	1700-01-12
Regnard (Jean-François)	Démocrite amoureux	comédie	5	vers	f	f	1700-01-12
Regnard (Jean-François)	Démocrite amoureux	comédie	5	vers	f	f	1700-01-12
Regnard (Jean-François)	Folies amoureuses (Les)	comédie	3	vers et vers libres	t	t	1704-01-15
Regnard (Jean-François)	Homme à bonnes fortunes (L')	comédie	3	prose	f	f	1690-01-10
Regnard (Jean-François)	Joueur (Le)	comédie	5	vers	f	f	1696-12-19
Regnard (Jean-François)	Légataire universel (Le)	comédie	5	vers	f	f	1708-01-09
Regnard (Jean-François)	Ménechmes ou les Jumeaux (Les)	comédie	5	vers et vers libres	t	f	1705-12-04
Regnard (Jean-François)	Retour imprévu (Le)	comédie	1	prose	f	f	1700-02-11
Regnard (Jean-François)	Sérénade (La)	comédie	1	prose	f	t	1694-07-03
Renou (Antoine)	Térée et Philomèle	tragédie	5	vers	f	f	1773-06-03
Renout (Jean-Julien-Constantin)	Caprice ou l'Épreuve dangereuse (Le)	comédie	3	prose	f	f	1762-06-28
Renout (Jean-Julien-Constantin)	Hercule	tragédie	5	vers	f	f	1757-02-28
Renout (Jean-Julien-Constantin)	Zélide ou l'Art d'aimer et l'art de plaire	comédie	1	vers libres	f	t	1755-06-26
Richer (Henri)	Sabinus et Éponine	tragédie	5	vers	f	f	1734-12-29
Richerolle d'Avallon	Astyanax	tragédie	5	vers	f	f	1789-02-07
Riouffé (Honoré)	Corneille aux Champs-Élysées	comédie	1	vers libres	f	f	1784-10-04
Riupeirous (Théodore de)	Hypermnestre	tragédie	5	vers	f	f	1704-02-13
Riupeirous (Théodore de)	Valérien	tragédie	5	vers	f	f	1690-11-22
Riupeirous (Théodore)	Agrippa ou la mort d'Auguste	tragédie	5	vers	f	f	1696-03-19
Riupeirous (Théodore)	Annibal	tragédie	5	vers	f	f	1688-11-05
Robbe, Jacques	Femme têtue ou le médecin hollandais (La)	comédie	1	vers	f	f	1685-10-09
Robbe, Jacques	Rapinière ou l'intéressé (La)	comédie	5	vers	f	f	
Robert	Fausses présomptions (Les)	comédie	5	vers	f	f	1789-08-12
Rochon de Chabannes (Marc-Antoine-Jacques)	Amants généreux (Les)	comédie	5	prose	f	f	1774-10-13
Rochon de Chabannes (Marc-Antoine-Jacques)	Amour français (L')	comédie	1	vers	f	f	1779-04-17
Rochon de Chabannes (Marc-Antoine-Jacques)	Heureusement	comédie	1	vers	f	f	1762-11-29
Rochon de Chabannes (Marc-Antoine-Jacques)	Hylas et Sylvie	pastorale	1	prose	f	f	1768-12-10
Rochon de Chabannes (Marc-Antoine-Jacques)	Jaloux (Le)	comédie	5	vers libres	f	f	
Rochon de Chabannes (Marc-Antoine-Jacques)	Manie des arts ou la Matinée à la mode (La)	comédie	1	prose	f	f	1763-06-01
Rochon de Chabannes (Marc-Antoine-Jacques)	Valets maîtres de la maison ou le Tour de carnaval (Les)	comédie	1	prose	f	f	1768-02-11
Ronsin (Charles-Philippe)	Louis XII, Père du peuple	tragédie	3	vers	f	f	1790-02-12
Rosimond (Claude Rose, sieur de)	Avocat sans étude (L')	comédie	1	vers	f	f	
Rosimond (Claude Rose, sieur de)	Dupe amoureuse (La)	comédie	1	vers	f	f	
Rotrou (Jean de)	Venceslas	tragédie	5	vers	f	f	
Rotrou (Jean de) ; Ussé (Louis II Bernin de Valentinay d')	Cosroès	tragédie	5	vers	f	f	
Rousseau (Jean-Baptiste)	Café (Le)	comédie	1	prose	f	f	1694-08-01
Rousseau (Jean-Baptiste)	Capricieux ou les Apparences trompeuses (Le)	comédie	5	vers	f	f	1700-12-17
Rousseau (Jean-Baptiste)	Flatteur (Le)	comédie	5	prose	f	f	1696-11-24
Rousseau (Jean-Jacques)	Narcisse ou l'Amant de lui-même	comédie	1	prose	f	f	1752-12-18
Rousseau (Jean-Jacques)	Pygmalion	scène lyrique	1	prose	f	t	1775-10-30
Rousseau (Pierre de Toulouse)	Rivale suivante (La)	comédie	1	vers	t	f	1747-08-03
Rousseau (Pierre, de Toulouse)	Méprises (Les)	comédie	1	vers libres	f	t	
Rousseau (Pierre, de Toulouse)	Ruse inutile (La)	comédie	1	vers libres	f	f	1749-10-06
Rousseau (Pierre-Joseph)	Méprises (Les)	comédie	1	vers libres	f	t	1754-04-25
Roy (Pierre-Charles) ; La Font (Joseph de)	Captifs (Les)	comédie	3	vers	t	t	1714-09-28
Sablier (Charles)	Suivante généreuse (La)	comédie		vers	f	f	1759-05-23
Saint-Chamond (Claire-Marie Mazarelli, marquise de)	Amants sans le savoir (Les)	comédie	3	prose	f	f	1771-07-06
Saint-Foix (Germain-François Poullain de)	Colonie (La)	comédie	3	prose	t	f	1749-10-25
Saint-Foix (Germain-François Poullain de)	Deucalion et Pirrha	comédie	1	prose	t	t	1741-02-20
Saint-Foix (Germain-François Poullain de)	Financier (Le)	comédie	1	prose	f	f	1761-07-20
Saint-Foix (Germain-François Poullain de)	Grâces (Les)	comédie	1	prose	f	t	1744-07-23
Saint-Foix (Germain-François Poullain de)	Hommes (Les)	comédie-ballet	1	prose	f	t	1753-06-27
Saint-Foix (Germain-François Poullain de)	Julie ou l'Heureuse épreuve	comédie	1	prose	f	f	1746-10-20
Saint-Foix (Germain-François Poullain de)	Oracle (L')	comédie	1	prose	f	t	1740-03-22
Saint-Foix (Germain-François Poullain de)	Pandore	comédie	1	vers	f	t	1721-10-21
Saint-Foix (Germain-François Poullain de)	Rival supposé (Le)	comédie	1	prose	f	f	1749-10-25
Saint-Foix (Germain-François Poullain de)	Égérie	comédie	1	prose	f	t	1747-09-09
Saint-Foix (Germain-François Poullain de)	Île sauvage (L')	comédie	3	prose	t	t	1743-07-08
Saint-Gilles Lenfant (de)	Ariarathe	tragédie	5	vers	f	f	1699-10-30
Saint-Glas (Pierre de, abbé de Saint-Ussans)	Bouts-rimés (Les)	comédie	1	prose	f	f	
Saint-Yon (pièce attribuée à Palaprat (Jean)	Mœurs du temps (Les) ou Les Façons du temps	comédie	5	prose	f	f	1685-12-13
Saurin (Bernard-Joseph)	Aménophis	tragédie	5	vers	f	f	1750-11-12
Saurin (Bernard-Joseph)	Beverlei	tragédie bourgeoise	5	vers libres	f	f	1768-05-07
Saurin (Bernard-Joseph)	Blanche et Guiscard	tragédie	5	vers	f	f	1763-09-26
Saurin (Bernard-Joseph)	Mœurs du temps (Les)	comédie	1	prose	f	t	1760-12-22
Saurin (Bernard-Joseph)	Orpheline léguée (L') ou L'Angloman(i)e	comédie	3	vers libres	f	f	1765-11-06
Saurin (Bernard-Joseph)	Spartacus	tragédie	5	vers	f	f	1760-02-20
Saurin (Bernard-Joseph)	Trois rivaux (Les)	comédie	5	vers	f	f	1743-02-04
Sauvigny	""	tragedie					
Sauvigny (Edme-Louis Billardon de)	Abdir	drame	4	vers	f	f	1785-01-26
Scarron (Paul)	Don Japhet d'Arménie	comédie	5	vers	f	t	
Scarron (Paul)	Héritier ridicule ou la Dame intéressée (L')	comédie	5	vers	f	f	
Scarron (Paul)	Jodelet, ou le Maître valet	comédie	5	vers	f	f	
Scarron (Paul)	Écolier de Salamanque ou les Généreux ennemis (L')	tragi-comédie	5	vers	f	f	
Sedaine (Michel-Jean)	Gageure imprévue (La)	comédie	1	prose	f	f	1768-05-27
Sedaine (Michel-Jean)	Philosophe sans le savoir (Le)	comédie	5	prose	f	f	1765-12-02
Sedaine (Michel-Jean)	Raymond V, comte de Toulouse ou le Troubadour	comédie héroïque	5	prose	f	f	1789-09-22
Sieur Florent Carton dit Dancourt	Les Vacances des procureurs	comédie					
Sieur Gilles de Caux de Montlebert et M. Charles-Jean-François Hénault dit le Président Hénault	Marius ou Marius à Cyrthe	tragédie					
Simon (Claude-François)	Confidences réciproques (Les)	comédie	1	vers libres	f	f	1747-08-03
Simon-Chauvot	Chirurgien de village (Le)	comédie	1	prose	f	f	1781-08-10
Simonet de Maisonneuve (Louis-Jean-Baptiste)	Faux insouciant (Le)	comédie	5	vers	f	f	1792-07-05
Simonet de Maisonneuve (Louis-Jean-Baptiste)	Odmard et Zulna	tragédie	5	vers	f	f	1788-01-02
Simonet de Maisonneuve (Louis-Jean-Baptiste)	Roxelane et Mustapha	tragédie	5	vers	f	f	1785-06-06
Subligny (Adrien-Thomas Perdou de)	Le Désespoir extravagant	comédie		0	f	f	
Séguineau (Mr) ; Pralard (René)	Aégiste	tragédie	5	vers	f	f	1721-11-18
Ségur (Joseph-Alexandre Pierre, vicomte de)	Dorval ou le Fou par amour	drame historique	1	vers	f	f	1791-01-29
Ségur (Joseph-Alexandre de)	Rosaline et Floricourt	comédie	3	vers libres	f	f	1787-11-17
Ségur (Joseph-Alexandre-Pierre, vicomte de)	Retour du mari (Le)	comédie	1	vers	f	f	1792-01-25
Thibouville (Henri Lambert d'Herbigny, marquis de)	Namir	tragédie	5	vers	f	f	1759-11-12
Tristan L'Hermite	Marianne (La)	tragédie	5	vers	f	f	
Tristan L'Hermite	Parasite (Le)	comédie	5	vers	f	f	
Tronchin (François)	Marie Stuart, reine d'Écosse	tragédie	5	vers	f	f	1734-05-03
Vadé (Jean-Joseph)	Visites du jour de l'an (Les)	comédie	1	vers libres	f	t	1749-01-03
Valois d'Orville (Adrien-Joseph de) ; Dubois	Souhaits pour le roi (Les)	comédie	1	vers libres	f	t	1745-08-30
Vaure (Jacques du) 	Le Faux savant ou l'Amant précepteur 	comédie	5	prose	f	f	1728-06-21
Vigée (Louis-Jean-Baptiste-Étienne)	Aveux difficiles (Les)	comédie	1	vers	f	f	1783-02-24
Vigée (Louis-Jean-Baptiste-Étienne)	Belle-mère ou les Dangers d'un second mariage (La)	comédie	5	vers	f	f	1788-07-24
Vigée (Louis-Jean-Baptiste-Étienne)	Entrevue (L')	comédie	1	vers	f	f	1788-12-06
Vigée (Louis-Jean-Baptiste-Étienne)	Fausse coquette (La)	comédie	3	vers	f	f	1784-11-06
Vigée (Louis-Jean-Baptiste-Étienne)	Matinée d'une jolie femme (La)	comédie	1	prose	f	f	1792-12-29
Vigée (Louis-Jean-Baptiste-Étienne)	Vivacité à l'épreuve (La)	comédie	3	vers	f	f	1793-07-05
Villemain d'Abancourt (François-Jean)	Bienfaisance de Voltaire (La)	pièces dramatique	1	vers	f	f	1791-05-30
Voiron	Apelle et Campaspe	drame héroïque	1	vers	f	t	1786-10-16
Voisenon (Claude-Henri de Fusée de)	Ombre de Molière (L')	prologue	1	vers	f	f	
Voisenon (Claude-Henri de Fusée de)	Retour de l'Ombre de Molière (Le)	comédie	1	vers	f	f	
Voisenon (Claude-Henri de Fusée de)	École du monde (L')	dialogue	1	vers	t	f	
Voltaire	Feythere	tragedie					
Voltaire (François-Marie Arouet dit )	Le Droit du seigneur	comédie	3	vers	f	f	1779-06-12
Voltaire (François-Marie Arouet dit)	Adélaïde du Guesclin	tragédie	5	vers	f	f	1734-01-18
Voltaire (François-Marie Arouet dit)	Agathocle	tragédie	5	vers	f	f	1779-05-31
Voltaire (François-Marie Arouet dit)	Alzire ou les Américains	tragédie	5	vers	f	f	1736-01-27
Voltaire (François-Marie Arouet dit)	Amélie ou le Duc de Foix ou Le Duc de Foix	tragédie	5	vers	f	f	1752-08-17
Voltaire (François-Marie Arouet dit)	Brutus	tragédie	5	vers	f	f	1730-12-11
Voltaire (François-Marie Arouet dit)	Café ou l'Écossaise (Le) ou L'Écossaire ou le Café	comédie	5	prose	f	f	1760-07-26
Voltaire (François-Marie Arouet dit)	Enfant prodigue ou L'École de la jeunesse (L')	comédie	5	vers	f	f	1736-10-10
Voltaire (François-Marie Arouet dit)	Fanatisme ou Mahomet le prophète (Le)	tragédie	5	vers	f	f	1742-08-09
Voltaire (François-Marie Arouet dit)	Hérode et Mariamne	tragédie	5	vers	f	f	1725-04-10
Voltaire (François-Marie Arouet dit)	Indiscret (L')	comédie	1	vers	f	f	1725-08-18
Voltaire (François-Marie Arouet dit)	Irène	tragédie	5	vers	f	f	1778-03-16
Voltaire (François-Marie Arouet dit)	Mort de César (La)	tragédie	3	vers	f	f	1743-08-29
Voltaire (François-Marie Arouet dit)	Mérope	tragédie	5	vers	f	f	1743-02-20
Voltaire (François-Marie Arouet dit)	Nanine ou le Préjugé vaincu	comédie	3	vers	f	f	1749-06-16
Voltaire (François-Marie Arouet dit)	Octave et le jeune Pompée ou le Triumvirat ou Les Triumvirs	tragédie	5	vers	f	f	1764-07-05
Voltaire (François-Marie Arouet dit)	Olympie	tragédie	5	vers	f	f	1764-03-17
Voltaire (François-Marie Arouet dit)	Oreste	tragédie	5	vers	f	f	1750-01-12
Voltaire (François-Marie Arouet dit)	Orphelin de la Chine (L')	tragédie	5	vers	f	f	1755-08-20
Voltaire (François-Marie Arouet dit)	Rome sauvée ou Catilina ou Rome Sauvée	tragédie	5	vers	f	f	1752-02-24
Voltaire (François-Marie Arouet dit)	Scythes (Les)	tragédie	5	vers	f	f	1767-03-26
Voltaire (François-Marie Arouet dit)	Sophonisbe	tragédie	5	vers	f	f	1774-01-15
Voltaire (François-Marie Arouet dit)	Sémiramis	tragédie	5	vers	f	f	1748-08-29
Voltaire (François-Marie Arouet dit)	Tancrède	tragédie	5	vers	f	f	1760-09-03
Voltaire (François-Marie Arouet dit)	Zaïre	tragédie	5	vers	f	f	1732-08-13
Voltaire (François-Marie Arouet dit)	Zulime	tragédie	5	vers	f	f	1740-06-08
Voltaire (François-Marie Arouet dit)	Écueil du sage (L')	comédie	5	vers	f	f	1762-01-18
Voltaire (François-Marie Arouet dit)	Œdipe	tragédie	5	vers	f	f	1718-11-18
Voltaire (François-Marie Arouet, dit)	Artémire	tragédie	5	vers	f	f	1720-02-15
Voltaire (François-Marie Arouet, dit)	Ériphile	tragédie	5	vers	f	f	1732-03-07
Ximénès (Augustin-Louis de)	Amalazonte	tragédie	5	vers	f	f	1754-05-30
Ximénès (Augustin-Louis de)	Épicaris ou la Mort de Néron	tragédie	5	vers	f	f	1753-01-02
Yon	Folie et l'Amour (La)	comédie	1	vers libres	f	t	1754-10-02
Yon	Métempsychose (La) ou La Métempsicose	comédie	3	vers libres	t	f	1752-05-16
unidentified	unidentified	unidentified					
	??						
	??						
	Agis						
	Au Proffit?						
	Au Proffit?						
	Au Proffit?						
	Au Proffit?						
	Chazette?						
	Chazette?						
	Chazette?						
	Chazette?						
	Crispin brulé						
	Democrite à la cour						
	Dezede?						
	Intermedes						
	Intermedes?						
	Intermèdes						
	La Coquette						
	La Coquette						
	La Coquette						
	La Coquette						
	La Coquette						
	La Coquette						
	La Fausse [...]						
	La [...] campagne						
	La [...] campagne						
	Le Jaloux						
	Le Jaloux						
	Le Jaloux						
	Le Jaloux						
	Le [...] de campagne						
	Le [...] de campagne						
	Les Agrements???						
	Les Agrements???						
	Les Intermèdes						
	Les Journalistes						
	Les Journalistes						
	Les Journalistes Anglois						
	Les Journalistes Anglois						
	Les Journalistes Anglois						
	Les Journalistes Anglois						
	Les Journalistes Anglois						
	Les Journalistes Anglois						
	Les Journalistes Anglois						
	Les Journalistes Anglois						
	Les Journalistes Anglois						
	Les Meprises						
	Les Meprises						
	Les Trois tuteurs						
	Les Trois tuteurs						
	Les Trois tuteurs						
	Les Trois tuteurs						
	Les Trois tuteurs						
	Les Trois tuteurs						
	Les Trois tuteurs						
	Les Trois tuteurs						
	Les Trois tuteurs						
	Les [...] de Crispin						
	Les physiciennes?						
	Les Épreuves						
	L’Oestre						
	Molière à la nouvelle salle						
	Molière à la nouvelle salle						
	Philoctete						
	Philoctete						
	Philoctete						
	Philoctete						
	Philoctete						
	Philoctete						
	Philoctete						
	Philoctète						
	Philoctète						
	Philoctète						
	Philoctète						
	[...] Verneuil						
	crispin brûlé?						
